n,severe_prev,aq_sd,aq_iqr,mean_bdist,frac_near15,mean_logvol,sd_logvol,n3_1nn,reg_score,clf_score
170,0.3235294117647059,27.828444489675164,51.025,27.254,0.23529411764705882,11.151773173410113,1.340950449421215,0.3058823529411765,0.7249706484932491,0.7312252964426877
204,0.31862745098039214,28.752433905853607,51.425000000000004,28.360882352941175,0.22058823529411764,11.062432362277017,1.4674859624000962,0.25980392156862747,0.7248973283686834,0.7064748201438849
130,0.34615384615384615,26.94717449186115,52.975,24.76215384615385,0.27692307692307694,11.141594494306387,1.4680758620267127,0.3,0.7143899578683809,0.761437908496732
176,0.3125,28.14697953830695,50.300000000000004,27.57965909090909,0.23863636363636365,11.129224502889315,1.367911788900611,0.30113636363636365,0.7460856100717354,0.7495867768595041
145,0.3586206896551724,27.075591810996652,51.099999999999994,24.36675862068966,0.31724137931034485,11.256256824019959,1.2903163251131766,0.32413793103448274,0.6371265644660158,0.6744210090984284
131,0.3282442748091603,27.12037228857766,50.099999999999994,25.218320610687023,0.2824427480916031,11.127804863532413,1.3887226238050216,0.3969465648854962,0.603183515073284,0.6656976744186047
121,0.2892561983471074,25.659309685837595,40.300000000000004,24.535537190082646,0.32231404958677684,11.161249235137246,1.3626066199946472,0.2892561983471074,0.5885200884413772,0.6154485049833887
208,0.3317307692307692,28.28000827694032,52.175000000000004,27.27682692307692,0.24519230769230768,11.104283718776005,1.3909605760448767,0.2644230769230769,0.7319472918070791,0.7651444062141591
158,0.34177215189873417,26.09969676360514,45.349999999999994,23.61848101265823,0.34177215189873417,11.271081873715556,1.239409805428278,0.36075949367088606,0.6975064756832243,0.7231125356125356
219,0.3242009132420091,27.82520079510369,49.94999999999999,26.747123287671236,0.2557077625570776,11.147490104847448,1.352742590470186,0.2968036529680365,0.6790665837600386,0.7465264560334983
205,0.32195121951219513,27.31888541951013,49.60000000000001,26.35209756097561,0.2682926829268293,11.102549923430844,1.4155822731839578,0.2975609756097561,0.7069341780404467,0.6907564857205145
142,0.28169014084507044,28.29992699152247,46.125,28.177042253521126,0.2535211267605634,10.886414257549,1.494951909577764,0.22535211267605634,0.7063094563292089,0.7340686274509804
122,0.319672131147541,29.52859335178905,51.825,29.5872131147541,0.19672131147540983,10.911464265574061,1.5584515355118402,0.2786885245901639,0.6844687103636652,0.7173308619091752
194,0.3402061855670103,27.444512010717855,49.8,25.506804123711337,0.28350515463917525,11.194654108768626,1.3450383539134534,0.29381443298969073,0.6730526553976143,0.7281013257575757
194,0.3247422680412371,27.515704319913898,48.62499999999999,26.427731958762884,0.25257731958762886,11.188650181343709,1.3255535662533748,0.28865979381443296,0.6960521958573737,0.7185265963891918
170,0.3058823529411765,29.723169305806234,53.525,31.018941176470584,0.15294117647058825,10.968495756141714,1.484077259003304,0.25882352941176473,0.7125255028675002,0.7537483702737939
220,0.3181818181818182,28.13428260784398,50.475,27.631909090909094,0.2409090909090909,11.10081133301602,1.421452758763792,0.2727272727272727,0.7422662194376027,0.759047619047619
171,0.3157894736842105,28.925231185949865,54.05,28.92877192982456,0.21052631578947367,11.00820283445725,1.4668201196687864,0.24561403508771928,0.7115659249199191,0.7478632478632479
215,0.30697674418604654,27.80396459731672,49.800000000000004,27.215441860465116,0.2558139534883721,11.069733471617232,1.4414437634292268,0.2930232558139535,0.7268584190579405,0.7503050640634533
159,0.3081761006289308,29.498175081828162,50.95,29.744779874213837,0.18867924528301888,11.003734491543117,1.4793088329855015,0.27672955974842767,0.7188965698719267,0.7833024118738404
151,0.271523178807947,29.365328114262205,50.599999999999994,30.78291390728477,0.15894039735099338,10.998180580799211,1.3756985163347035,0.2582781456953642,0.6820321538722757,0.7503325942350332
144,0.2986111111111111,27.75979986979713,46.025000000000006,26.364722222222227,0.2847222222222222,11.15985614975654,1.3051610763462913,0.2708333333333333,0.6828064756894322,0.7396960626295188
179,0.31843575418994413,26.45837105402494,46.849999999999994,25.13474860335196,0.27932960893854747,11.250999895076074,1.240179150916404,0.3463687150837989,0.657497977943077,0.6735691688236987
191,0.32460732984293195,27.540285453000237,49.45,26.32,0.27225130890052357,11.197778636475574,1.3318581034403585,0.3089005235602094,0.6824427494436391,0.6976119029757439
191,0.29842931937172773,28.54095538899137,50.15,28.922617801047128,0.2198952879581152,11.07409180288148,1.4553324464483244,0.2670157068062827,0.7449278058306069,0.7762503273108143
199,0.31155778894472363,27.910129068931845,50.25,27.306130653266333,0.23618090452261306,11.065023834101709,1.4327107401756132,0.2914572864321608,0.7041972427322353,0.6990817047327526
207,0.3333333333333333,27.979451538587544,50.849999999999994,26.675942028985503,0.26570048309178745,11.14426626964993,1.4119437117587046,0.2995169082125604,0.6972986767047393,0.7246376811594203
193,0.31088082901554404,28.02748411784084,50.2,27.401658031088086,0.22279792746113988,11.111583849291911,1.3651772384141923,0.2849740932642487,0.6864268554582956,0.7030701754385965
216,0.3287037037037037,28.10856931814271,50.675,26.978333333333335,0.25,11.12669823148908,1.4248668539378184,0.30092592592592593,0.7001530947443999,0.7519669742593491
224,0.32142857142857145,28.097191247200183,50.475,27.197410714285716,0.25,11.113864364113057,1.4178029948262099,0.2857142857142857,0.7287259918966555,0.7339181286549707
181,0.3149171270718232,29.96470595133804,58.9,30.153701657458562,0.17679558011049723,11.001674987042675,1.5034644674456765,0.2430939226519337,0.72982387366297,0.8086445953593662
148,0.35135135135135137,25.574248051389628,43.925,22.968783783783785,0.35135135135135137,11.309239310558706,1.217087118128041,0.32432432432432434,0.6886974039492024,0.6931089743589745
188,0.32978723404255317,26.55420563443087,46.775,24.905,0.2978723404255319,11.238446903765034,1.2688350301365703,0.31382978723404253,0.6716081646013187,0.6872759856630825
200,0.31,27.82262671327297,49.425000000000004,27.1806,0.25,11.127636949742211,1.4058171600501086,0.295,0.6830476039905962,0.7275596072931276
208,0.3076923076923077,27.73987935070511,48.975,27.14673076923077,0.25,11.067623676824281,1.4121316244634827,0.3076923076923077,0.7234749800330853,0.7534722222222222
156,0.34615384615384615,27.7600263692211,50.675,26.29794871794872,0.28846153846153844,11.122505687192856,1.309391523431817,0.34615384615384615,0.7054039574366886,0.6879084967320261
220,0.3090909090909091,28.200851702190366,50.1,27.672363636363638,0.24545454545454545,11.074025962576586,1.4273195026808905,0.2681818181818182,0.7122126459901401,0.7592879256965944
187,0.31016042780748665,28.715518262140222,50.849999999999994,28.51989304812834,0.2192513368983957,11.040636070198657,1.4830820831430302,0.2620320855614973,0.7080490783101594,0.7336941994119219
162,0.3271604938271605,29.451667931477438,51.12499999999999,28.928518518518512,0.2222222222222222,11.060607939489998,1.3833584869955653,0.29012345679012347,0.6809075520449878,0.7527263285442272
156,0.34615384615384615,27.3777370794785,47.675000000000004,25.40346153846154,0.28846153846153844,11.184392928282628,1.3046517331573861,0.33974358974358976,0.68243604954545,0.7015250544662309
183,0.33879781420765026,29.28737315693703,56.150000000000006,28.371147540983607,0.2185792349726776,11.042516858541559,1.5295847859046474,0.2677595628415301,0.7203911459854504,0.759997334044255
136,0.3161764705882353,28.31262582008046,51.425000000000004,27.773823529411764,0.2426470588235294,11.037778925094734,1.5292149188151347,0.33088235294117646,0.6747271652126825,0.7180545136284071
215,0.3209302325581395,28.319604692609392,51.35000000000001,27.54846511627907,0.2372093023255814,11.082474390049878,1.4388672929647375,0.2651162790697674,0.7210511114275995,0.7267718880285885
175,0.3314285714285714,27.825495071021734,49.75,26.25154285714286,0.28,11.097964002259188,1.4432993603825315,0.2742857142857143,0.6998990949332929,0.7206749189507811
153,0.37254901960784315,26.77150683708658,51.400000000000006,23.523660130718955,0.33986928104575165,11.395732146651078,1.065620442166195,0.3006535947712418,0.6005772821979298,0.7291666666666666
190,0.33157894736842103,27.42075365799371,48.050000000000004,25.69705263157895,0.28421052631578947,11.171304332628123,1.3718704546329128,0.29473684210526313,0.6903744826636962,0.7309711286089239
148,0.35135135135135137,24.45422292909764,40.225,21.87554054054054,0.3783783783783784,11.267996356163003,1.2831904618970922,0.34459459459459457,0.6610027711207838,0.6270032051282051
189,0.328042328042328,27.39138096655965,48.3,25.96095238095238,0.2804232804232804,11.164314502419867,1.3771960664316376,0.2698412698412698,0.6538627964701015,0.7642875285750572
153,0.28104575163398693,28.735130075348476,49.7,29.4478431372549,0.20261437908496732,10.974689643551205,1.5290527856707663,0.28104575163398693,0.7574284872631033,0.7295983086680761
210,0.3,28.033316858350105,49.725,27.668190476190475,0.2571428571428571,11.068469045375451,1.4477490274691358,0.2714285714285714,0.7376443813144746,0.743764172335601
123,0.24390243902439024,28.6863265323632,39.5,31.100650406504066,0.17886178861788618,10.801182820857456,1.5175600529187232,0.1951219512195122,0.704553489811,0.7510752688172042
123,0.2845528455284553,29.548306488981506,51.300000000000004,30.87886178861789,0.18699186991869918,10.846480452349665,1.6082146059223235,0.2032520325203252,0.7321475875355049,0.7519480519480519
214,0.308411214953271,28.052912563339746,50.074999999999996,27.55523364485981,0.24766355140186916,11.074529256513726,1.4452503497475047,0.27102803738317754,0.7166071617944505,0.7480548730548731
151,0.33774834437086093,26.736583425057006,47.400000000000006,24.97841059602649,0.304635761589404,11.277596655886684,1.278990930621338,0.33774834437086093,0.6624306187377955,0.7381372549019608
121,0.32231404958677684,25.424084289969443,44.400000000000006,23.132231404958677,0.371900826446281,11.272980657951587,1.228177959564468,0.38016528925619836,0.6309487979024451,0.7168542839274548
201,0.3333333333333333,27.10545835026793,48.2,25.600099502487566,0.27860696517412936,11.194391680498128,1.3631012933850968,0.31840796019900497,0.6855042989939528,0.7164179104477612
146,0.3287671232876712,28.363362938896895,53.72500000000001,27.854657534246574,0.22602739726027396,10.943031185223544,1.5590864265810869,0.3356164383561644,0.7285487741724588,0.7519132653061225
212,0.32075471698113206,28.513931593222594,51.24999999999999,28.052924528301883,0.23113207547169812,11.083075316989907,1.4377107901102746,0.2971698113207547,0.6941619758963566,0.7367238562091503
164,0.34146341463414637,25.61758421083148,44.050000000000004,23.39317073170732,0.3353658536585366,11.33198693696891,1.1713347315947558,0.3475609756097561,0.6847713349648115,0.6653439153439153
222,0.32432432432432434,28.01032907967061,50.275,26.97666666666667,0.25225225225225223,11.119865625104541,1.4038146108479985,0.2927927927927928,0.6937742177725511,0.7013888888888888
182,0.34065934065934067,26.688426483740287,47.275,24.61769230769231,0.3076923076923077,11.24208022353449,1.2790211630361448,0.34065934065934067,0.6493854339524731,0.7184139784946236
189,0.31216931216931215,28.71527578527705,52.60000000000001,28.445608465608462,0.21693121693121692,11.018572855500823,1.4981372055863984,0.25925925925925924,0.7007736812736122,0.6950456323337679
147,0.3673469387755102,25.453331069778642,44.599999999999994,22.561768707482994,0.3469387755102041,11.3237962988283,1.2710226639921467,0.35374149659863946,0.642408965268281,0.668757467144564
159,0.3710691823899371,28.862799655416836,56.6,27.33094339622642,0.23270440251572327,11.177571625834414,1.3512538111412078,0.2893081761006289,0.6885510711331477,0.7713559322033898
146,0.273972602739726,30.156565458067934,51.574999999999996,31.975479452054795,0.136986301369863,10.883506373582845,1.5934899890098644,0.21232876712328766,0.7793162890271598,0.7511792452830188
124,0.3225806451612903,29.98625330776943,51.05,29.661129032258057,0.21774193548387097,10.92868597565859,1.6352080403774396,0.27419354838709675,0.7142619919475877,0.7785714285714285
126,0.36507936507936506,28.217246856578324,53.725,25.51920634920635,0.30158730158730157,11.262273270980959,1.3838498721073653,0.2857142857142857,0.7290057549479727,0.8008152173913043
130,0.33076923076923076,25.859841329439373,45.725,23.63107692307692,0.34615384615384615,11.24780479359552,1.3095596490099823,0.3384615384615385,0.6173453025928732,0.652499331729484
144,0.2986111111111111,30.54392915771657,58.14999999999999,33.43611111111111,0.09027777777777778,10.871269669561464,1.59171850018748,0.2222222222222222,0.7175739528419709,0.8109601657840202
151,0.2582781456953642,29.444437232792374,49.900000000000006,32.08158940397351,0.1390728476821192,10.872888244442544,1.575816195870516,0.2185430463576159,0.7309798597430501,0.7714056776556777
184,0.30978260869565216,27.912103945668342,48.87500000000001,27.371847826086956,0.2391304347826087,11.146546202633782,1.3658771461503658,0.2826086956521739,0.7082815185318829,0.7603260118800939
131,0.29770992366412213,26.789135491604643,45.39999999999999,25.83969465648855,0.2824427480916031,11.200710049079039,1.3135842889966804,0.3053435114503817,0.6347569464970488,0.7118171683389075
169,0.2958579881656805,29.098217902864253,50.5,29.37325443786982,0.1952662721893491,10.97754480611453,1.5415792602126008,0.26627218934911245,0.7009505518643171,0.7559663865546219
178,0.33707865168539325,28.28155657429353,54.449999999999996,26.821910112359546,0.25842696629213485,11.19226453247104,1.2779151671282776,0.3202247191011236,0.69208522011215,0.7192090395480226
205,0.3170731707317073,28.394056450968645,51.900000000000006,28.246439024390245,0.2146341463414634,11.060044409760057,1.4439749021607173,0.28292682926829266,0.7179285756583822,0.7604395604395604
189,0.3386243386243386,28.159381073664854,51.199999999999996,26.69333333333333,0.25925925925925924,11.119496627503224,1.427171341024663,0.25396825396825395,0.7576743917704248,0.7481249999999999
138,0.34057971014492755,26.074773817240033,48.2,23.87666666666667,0.30434782608695654,11.305806858089385,1.0407845917629377,0.3188405797101449,0.6278622939875935,0.6993219546411036
156,0.3269230769230769,28.1269639770115,52.175000000000004,27.128461538461533,0.25,10.983112608675246,1.4821108971296901,0.3076923076923077,0.6922701634526955,0.6843137254901961
173,0.32947976878612717,27.124054682854844,47.89999999999999,25.472947976878615,0.2832369942196532,11.171229721420039,1.3560207136302442,0.32947976878612717,0.6455561671070095,0.7123411978221416
214,0.32242990654205606,28.390767834023652,51.65,27.896355140186916,0.22897196261682243,11.083752638520068,1.444843325353105,0.2850467289719626,0.7159261536679989,0.758520739630185
159,0.3081761006289308,27.519507589235396,47.89999999999999,26.85270440251573,0.25157232704402516,11.136233852349969,1.343731954774607,0.3018867924528302,0.6906299412787732,0.6913729128014843
220,0.32272727272727275,27.86749364449083,49.824999999999996,26.850545454545454,0.2545454545454545,11.155449096241028,1.3278609070787233,0.2818181818181818,0.6990651923281108,0.7333396351261934
146,0.2945205479452055,28.574562009734837,50.974999999999994,29.199589041095887,0.2054794520547945,10.960904988973132,1.497978861681076,0.3013698630136986,0.6962585103909927,0.7372996161661776
142,0.36619718309859156,25.20406532050835,41.175000000000004,22.056619718309857,0.3732394366197183,11.36738638834739,1.1603808942696985,0.3028169014084507,0.5879425574152369,0.6854700854700855
134,0.3358208955223881,27.68749402195918,50.725,26.561940298507466,0.2462686567164179,11.310802818036438,1.1649610563645478,0.291044776119403,0.6779979069764285,0.7378277153558053
186,0.3010752688172043,27.247879551913016,48.25,26.83247311827957,0.25806451612903225,11.139199005091509,1.3592786438223297,0.2956989247311828,0.673820919760084,0.6857142857142857
142,0.28169014084507044,30.424951514142112,58.0,32.58676056338028,0.1056338028169014,10.863111375024678,1.5853694186851324,0.2112676056338028,0.7230673024499995,0.7862745098039216
154,0.2987012987012987,29.56339470086037,50.6,30.001428571428566,0.18181818181818182,11.020303538270435,1.4506353228912139,0.2727272727272727,0.7404179331597933,0.7473832528180354
171,0.32748538011695905,28.428956868557997,50.75,28.19602339181287,0.2046783625730994,11.09143963049585,1.4047019072778515,0.2807017543859649,0.7161560574173564,0.707919254658385
204,0.3431372549019608,27.675696674333896,50.85,25.89029411764706,0.27450980392156865,11.177492398777424,1.3602505085892984,0.30392156862745096,0.68421135773192,0.7213219616204691
155,0.36774193548387096,26.018544688679253,46.75,22.88993548387097,0.33548387096774196,11.324690916656353,1.2469792421677133,0.36129032258064514,0.6200724469210207,0.6480486931614751
179,0.329608938547486,28.60568056246706,50.80000000000001,27.85150837988827,0.24581005586592178,11.042326218872574,1.4521368073661458,0.2681564245810056,0.6606181919076892,0.7639830508474577
147,0.2789115646258503,28.77366461440853,46.7,30.635918367346942,0.17687074829931973,10.88401013182726,1.5447786192175017,0.272108843537415,0.7022045560158401,0.6928209848136218
215,0.3209302325581395,28.466003152595736,51.5,28.21125581395349,0.22325581395348837,11.069155120849254,1.433756697679918,0.28837209302325584,0.7144475511439488,0.7694560254119516
157,0.2929936305732484,28.460717986372956,49.99999999999999,29.73515923566879,0.18471337579617833,10.992020535731683,1.4746351261232222,0.25477707006369427,0.7514127622273595,0.7802585193889542
135,0.31851851851851853,29.20946283283661,53.75,29.270666666666667,0.2074074074074074,10.948791832762966,1.6106601132684721,0.2740740740740741,0.7207001980473782,0.7618806875631952
198,0.3181818181818182,27.770259513168096,49.25000000000001,26.75969696969697,0.2727272727272727,11.172117371034666,1.277900462709845,0.2777777777777778,0.6793744504584863,0.7275132275132274
204,0.3284313725490196,28.096927316533062,51.175,26.803039215686272,0.2647058823529412,11.137852759571249,1.4168452450184643,0.29411764705882354,0.7277610849184514,0.800141627628282
134,0.3208955223880597,28.6197631099008,53.199999999999996,27.520447761194028,0.2462686567164179,11.155403732779249,1.3163665323098739,0.2835820895522388,0.6828579781728817,0.7541528239202657
209,0.32057416267942584,27.761097850491367,49.599999999999994,26.7622966507177,0.2535885167464115,11.134538792669533,1.4440316815725622,0.291866028708134,0.7262036260203818,0.7258250998528484
177,0.2937853107344633,27.499066210508364,49.199999999999996,27.51322033898305,0.2542372881355932,11.00864608036197,1.486934339332437,0.2824858757062147,0.6651376865552613,0.7685384615384616
136,0.3235294117647059,24.868386759534413,44.6,22.90720588235294,0.3602941176470588,11.307204862292183,1.1397738179887633,0.2647058823529412,0.6155680473074254,0.6650197628458498
128,0.296875,28.096098152548475,49.425000000000004,26.908749999999998,0.28125,11.033502686103798,1.4977546979653238,0.296875,0.6971457016921128,0.762280701754386
226,0.3185840707964602,28.08338895527697,50.199999999999996,27.285486725663716,0.24778761061946902,11.101613470945606,1.4185466901324526,0.2831858407079646,0.7044529662126088,0.748917748917749
179,0.31843575418994413,29.137955623202057,56.10000000000001,28.66491620111732,0.20670391061452514,10.990452074734513,1.5176736677130425,0.2569832402234637,0.7289154080162894,0.79989933851021
221,0.3167420814479638,28.18904250795734,50.3,27.486515837104076,0.24434389140271492,11.086699977088735,1.4205846634351866,0.28054298642533937,0.7294113536447571,0.7524124881740776
135,0.3333333333333333,26.30407781623031,44.45,23.665037037037035,0.3333333333333333,11.294171776272364,1.2719958246423968,0.32592592592592595,0.6338632024007638,0.6777777777777778
136,0.22058823529411764,27.67515078002589,39.5,31.037794117647053,0.16911764705882354,10.879563435640076,1.5606546930926501,0.25735294117647056,0.6728299112869949,0.6698113207547169
165,0.32727272727272727,28.063989768290394,49.599999999999994,26.470181818181818,0.26666666666666666,11.188770465571663,1.4186943087916444,0.2787878787878788,0.7165359750675461,0.747997997997998
145,0.3448275862068966,29.825150822265446,59.8,29.00510344827586,0.21379310344827587,11.021102719369459,1.5469198387575784,0.3310344827586207,0.6859481855768631,0.7610526315789474
186,0.3064516129032258,28.468435366105556,50.37499999999999,28.72107526881721,0.20967741935483872,11.0286475490062,1.4415068099009778,0.27419354838709675,0.6834809982754091,0.7256221950224399
179,0.29608938547486036,28.608030215421646,50.4,28.6531843575419,0.20670391061452514,11.017762657138361,1.5095676638186482,0.25139664804469275,0.7081172635576995,0.7389188379754417
153,0.3137254901960784,28.43478186562088,51.900000000000006,27.96732026143791,0.20915032679738563,11.0304789145155,1.4957292975854632,0.23529411764705882,0.6821934987314756,0.7345238095238096
196,0.29591836734693877,28.72807948078165,51.62499999999999,28.974183673469387,0.20408163265306123,11.012913099215327,1.4815971917099409,0.23979591836734693,0.7118469506419942,0.7564967516241878
210,0.32857142857142857,28.144607733782575,51.75000000000001,26.856761904761907,0.26666666666666666,11.116710064594429,1.4260203887574188,0.2857142857142857,0.7060565449097049,0.74822695035461
149,0.3087248322147651,27.503996287636344,48.99999999999999,26.37664429530201,0.28187919463087246,11.090142789204133,1.4291984178740327,0.3624161073825503,0.6436359709747866,0.6878429717180246
168,0.2619047619047619,27.897211710141505,45.64999999999999,29.978214285714287,0.20238095238095238,10.900432180224616,1.5291758677206448,0.2619047619047619,0.7799306274412878,0.779692082111437
137,0.30656934306569344,28.650689298775628,50.099999999999994,28.362189781021897,0.25547445255474455,10.948692268268204,1.5340265116589855,0.26277372262773724,0.6417609428467544,0.7385964912280701
211,0.3175355450236967,28.46370401345635,52.3,27.86170616113744,0.22748815165876776,11.071970903133526,1.4301871074916446,0.2796208530805687,0.7260097997310219,0.7346082089552239
206,0.32038834951456313,28.291601032451283,50.875,27.567087378640775,0.23786407766990292,11.086484242572931,1.4627799879967847,0.27184466019417475,0.7109578657409373,0.7551948051948052
207,0.3140096618357488,28.542778091375247,51.5,28.076908212560387,0.2318840579710145,11.088353752586228,1.4492790514818077,0.26570048309178745,0.7208112696915375,0.749133261105092
202,0.3118811881188119,28.918844881347948,52.699999999999996,29.132772277227723,0.20297029702970298,11.029419177666988,1.4651838343601185,0.2524752475247525,0.7116497627325863,0.7902820600662328
132,0.3560606060606061,26.86847381460417,50.925,25.02666666666667,0.2727272727272727,11.31521504564857,1.2557209960149682,0.3787878787878788,0.6819734757091881,0.6541927409261576
168,0.3333333333333333,25.959575021850494,45.775,23.895119047619048,0.3333333333333333,11.19695543603702,1.3807939246704097,0.30952380952380953,0.6757963837610694,0.7142857142857142
122,0.3442622950819672,26.77576384268366,47.675000000000004,25.4572131147541,0.28688524590163933,11.242222947212454,1.2718955262123424,0.28688524590163933,0.5786494318110258,0.7226190476190476
160,0.30625,28.37469638520966,51.075,28.351374999999997,0.225,11.01908613591929,1.5126406991430237,0.25625,0.7257153308790388,0.7376355947784519
172,0.31976744186046513,28.84339662651,53.85,28.10488372093023,0.22674418604651161,11.053695461875966,1.4802752614928643,0.27325581395348836,0.6962238415447011,0.7685314685314686
226,0.3185840707964602,28.08338895527697,50.199999999999996,27.285486725663716,0.24778761061946902,11.101613470945606,1.4185466901324526,0.2831858407079646,0.7073262270644097,0.7693001443001443
198,0.31313131313131315,29.283690399203454,55.37499999999999,29.652626262626264,0.18181818181818182,11.002990297347422,1.468717273617018,0.2777777777777778,0.7309764556212229,0.8040796963946869
191,0.3193717277486911,29.513026997720864,57.550000000000004,29.75664921465969,0.17801047120418848,11.013998063241544,1.497045867951895,0.2774869109947644,0.708161295180157,0.7634930643127364
199,0.3165829145728643,28.70630739541374,51.650000000000006,28.70472361809045,0.21105527638190955,11.064432972844326,1.4650109317487903,0.2613065326633166,0.7121708024739705,0.7255485527544351
135,0.3333333333333333,28.62310392995235,53.5,27.63244444444445,0.24444444444444444,11.060369887472094,1.4662598445013248,0.25925925925925924,0.6938327901112408,0.7611111111111111
191,0.3403141361256545,26.98525819531346,48.14999999999999,25.061884816753924,0.2931937172774869,11.232940469766417,1.2999842214228872,0.32460732984293195,0.7053667701869223,0.7082417582417582
223,0.3183856502242152,28.22090222328633,51.099999999999994,27.49964125560538,0.242152466367713,11.096176537879524,1.4270492982397955,0.27802690582959644,0.7088134931977838,0.7379540400296516
174,0.27586206896551724,28.733272926664664,50.425,30.44149425287356,0.15517241379310345,10.936089915337247,1.5001941953354205,0.27011494252873564,0.7026054744417644,0.7371031746031746
218,0.3211009174311927,28.494142407834318,52.4,28.09504587155963,0.22018348623853212,11.078041275949445,1.4363736223450376,0.27522935779816515,0.7267298300668975,0.7441119691119691
185,0.3081081081081081,29.252765133694584,52.60000000000001,29.448216216216217,0.2,10.980750038491129,1.498407640210158,0.2648648648648649,0.7333715211290649,0.7464364035087719
148,0.2702702702702703,28.859611727154324,48.625,30.94918918918919,0.16891891891891891,10.940278297161534,1.5437296671112486,0.21621621621621623,0.7865410704185167,0.7805555555555556
177,0.3107344632768362,29.453451153446938,53.0,29.97920903954802,0.1864406779661017,10.99085048727381,1.513540204534572,0.2768361581920904,0.7447137579497213,0.7535022354694485
191,0.2879581151832461,28.820238197780355,51.95,29.66450261780104,0.18324607329842932,10.9454495685499,1.467891242753256,0.28272251308900526,0.7094657251640151,0.8065508021390375
175,0.33714285714285713,28.002155048195586,49.349999999999994,26.673828571428572,0.2571428571428571,11.151041026900176,1.3748912606227228,0.26285714285714284,0.7543386910205924,0.7826563413208649
157,0.3184713375796178,27.649304263018497,50.3,26.82789808917197,0.2484076433121019,11.129814692773785,1.3380081426543928,0.28662420382165604,0.6844014004139931,0.7465420560747664
209,0.3157894736842105,27.33122007620375,49.1,26.468038277511962,0.2679425837320574,11.117250397621106,1.4055593617236153,0.28708133971291866,0.7292377888718944,0.7470862470862472
150,0.35333333333333333,26.148208120281705,43.925000000000004,23.539466666666666,0.3466666666666667,11.352475534973694,1.1724459555394904,0.3466666666666667,0.6370723484153057,0.7511184594436879
203,0.33004926108374383,28.308602851528196,51.55,27.330147783251235,0.2413793103448276,11.108067104722865,1.4658027201870358,0.29064039408866993,0.7036158938076618,0.7549385425812116
121,0.2892561983471074,30.969140216189853,53.8,32.80314049586777,0.1322314049586777,10.78406375427178,1.6360958495016062,0.2066115702479339,0.7575929972822217,0.8191029900332226
204,0.31862745098039214,27.430236451689854,47.54999999999999,26.196764705882355,0.2647058823529412,11.160590894263938,1.3769777460580244,0.30392156862745096,0.709104340276224,0.7218594355285003
161,0.3105590062111801,28.21367569424665,49.49999999999999,27.43366459627329,0.2484472049689441,11.026592474299704,1.4716056046375048,0.2546583850931677,0.7665297868044428,0.7073873873873874
167,0.2874251497005988,27.07640076670432,46.19999999999999,26.356766467065867,0.2754491017964072,11.114581820419593,1.3073075011852253,0.2934131736526946,0.6943879738333417,0.7492997198879552
149,0.3624161073825503,26.89877417120822,51.099999999999994,24.323758389261744,0.3087248322147651,11.30177176876731,1.2406063435452133,0.3422818791946309,0.649790730389581,0.6461988304093567
210,0.30952380952380953,27.47630616618085,49.25000000000001,26.66990476190476,0.2619047619047619,11.122288702344706,1.4166783277316157,0.28095238095238095,0.7103011697570693,0.7411140583554376
123,0.3008130081300813,25.776639487645067,46.05,24.45609756097561,0.3333333333333333,11.163531763016325,1.4422627159702466,0.36585365853658536,0.6581598205742145,0.7042740414833438
194,0.34536082474226804,27.171186763544497,49.8,25.331546391752575,0.28350515463917525,11.211013860292717,1.3493687579394595,0.29896907216494845,0.697179614833005,0.7330473616171113
220,0.3090909090909091,28.29857621006421,51.15,27.769181818181814,0.23636363636363636,11.078997528484301,1.430473630885418,0.29545454545454547,0.709341944621757,0.7585139318885449
159,0.32075471698113206,28.19546468048864,49.74999999999999,27.247295597484275,0.2578616352201258,11.06181900942641,1.4643115818367833,0.27044025157232704,0.6897784561332688,0.7124183006535948
136,0.3088235294117647,27.330519150123195,50.1,27.53808823529412,0.22058823529411764,11.035087651150127,1.3661607578919635,0.3014705882352941,0.6429253924386295,0.738855116514691
204,0.3284313725490196,27.117452571738532,48.22499999999999,25.859411764705882,0.27450980392156865,11.195014293501565,1.265211675906901,0.30392156862745096,0.6814315482129958,0.7147292733413226
160,0.3375,26.545831791806183,48.525000000000006,24.987375000000004,0.29375,11.238542732928485,1.2740191868175677,0.3625,0.618321971366625,0.673654786862334
209,0.31100478468899523,28.329797017328982,50.5,28.1022966507177,0.22488038277511962,11.078198979443115,1.4054692048473487,0.28708133971291866,0.7078358903971481,0.7586004273504274
194,0.3556701030927835,27.283342065735766,51.49999999999999,25.07278350515464,0.28865979381443296,11.23189225469897,1.3624860764483602,0.31958762886597936,0.6793504725863705,0.7325797101449276
179,0.33519553072625696,28.6154240770631,54.349999999999994,27.39877094972067,0.25139664804469275,11.135863905363033,1.4080101518342278,0.31843575418994413,0.7456416701485151,0.7449579831932773
202,0.31683168316831684,27.772086664218143,49.449999999999996,26.915544554455444,0.2524752475247525,11.139070774772334,1.3787138281084248,0.25742574257425743,0.7233903450746482,0.7724184782608696
180,0.35,26.949682880774343,48.775,24.994888888888894,0.3,11.200651102843011,1.4086144581609026,0.31666666666666665,0.6624281068171567,0.6733821733821734
177,0.3220338983050847,30.23567679383586,58.9,30.96508474576271,0.14124293785310735,10.94391397264948,1.52261666775532,0.21468926553672316,0.7558821933514883,0.7625
122,0.319672131147541,30.307096322394848,60.775,30.793606557377053,0.1557377049180328,10.995785396343011,1.5327182714438108,0.2540983606557377,0.7151019617121859,0.7670682730923695
208,0.3173076923076923,28.64682380576083,52.275000000000006,28.167884615384615,0.23557692307692307,11.02813099103736,1.4406784584057875,0.28365384615384615,0.7175922071413843,0.7731540759709774
171,0.2982456140350877,28.484378207318926,50.45,28.258947368421058,0.23976608187134502,11.029894422563839,1.488309644978254,0.29239766081871343,0.694920913190659,0.75
200,0.325,27.864679662675425,49.6,26.4406,0.28,11.136225724127128,1.3902960541310245,0.3,0.7426526015177203,0.7572649572649572
184,0.30978260869565216,27.46131930651129,48.5,26.76380434782609,0.2717391304347826,11.140343817187052,1.3617130319595891,0.266304347826087,0.7097379173145917,0.7467191601049868
161,0.2981366459627329,27.95651822737437,48.800000000000004,27.444223602484474,0.2546583850931677,11.10692671565314,1.4157236350587465,0.2795031055900621,0.7208816200872491,0.7536873156342183
158,0.2911392405063291,28.55723554476524,49.599999999999994,29.00367088607595,0.1962025316455696,10.976547878376048,1.4396976903754493,0.23417721518987342,0.7411413004915074,0.7699922360248448
141,0.3191489361702128,27.760207890569905,50.3,27.0604255319149,0.24822695035460993,11.176296699743062,1.2909152183499344,0.2695035460992908,0.7068288595092662,0.7336805555555556
132,0.38636363636363635,26.14474756764533,46.95000000000001,23.025606060606062,0.3484848484848485,11.210586405586634,1.413001118671369,0.32575757575757575,0.6702631991801908,0.719680464778504
204,0.3284313725490196,28.695321950198746,52.525000000000006,28.105490196078428,0.22058823529411764,11.067713635738421,1.4599019790179186,0.27450980392156865,0.7149612697959336,0.7593419762501361
136,0.3014705882352941,27.325924469747804,48.64999999999999,26.57073529411765,0.27941176470588236,11.104607451729208,1.3465547961446924,0.33088235294117646,0.6695286713058315,0.675224646983312
189,0.3439153439153439,28.74302965275708,56.4,27.611216931216934,0.2275132275132275,11.120956950956685,1.387308648011097,0.2751322751322751,0.6880607137233903,0.7926178660049628
177,0.288135593220339,29.1959768416658,50.5,30.463389830508476,0.1694915254237288,10.976738988772423,1.5176669854594234,0.23728813559322035,0.7656367067020509,0.7481325863678805
132,0.2878787878787879,29.853626295377232,55.55,31.932878787878785,0.12121212121212122,10.809125656522305,1.6206001059082522,0.23484848484848486,0.7075250037331267,0.7651175811870101
166,0.3192771084337349,29.991570598398877,60.224999999999994,29.723012048192775,0.1927710843373494,10.963560301082376,1.5711227184852439,0.2469879518072289,0.7672677165802948,0.75496744030723
203,0.3103448275862069,28.327344770160725,50.849999999999994,28.09172413793103,0.22660098522167488,11.061976657106237,1.4302276955610287,0.27586206896551724,0.7155942313224231,0.730952380952381
159,0.3333333333333333,30.284785929589315,59.550000000000004,30.378113207547173,0.13836477987421383,10.994627738140574,1.5444050794215978,0.27044025157232704,0.7323242647191154,0.8113207547169812
162,0.29012345679012347,29.45201740810388,51.199999999999996,30.851358024691358,0.14814814814814814,10.939353726647447,1.554811468991951,0.2345679012345679,0.755725897053949,0.7853839037927844
224,0.3169642857142857,27.977849404967387,49.800000000000004,27.192946428571425,0.25,11.10087557383713,1.418857353181027,0.28125,0.7014818886757654,0.7455122894228114
159,0.2893081761006289,27.92311707970404,47.95,28.26905660377359,0.2389937106918239,11.048951424008902,1.4336504360060758,0.2641509433962264,0.6621487546055849,0.7528857252789534
194,0.31443298969072164,27.456581691455774,48.875,26.313092783505155,0.27319587628865977,11.169547979166515,1.3750289235093127,0.29896907216494845,0.6693526390420785,0.71373104893381
177,0.3333333333333333,26.632573228654813,47.0,24.873672316384177,0.2994350282485876,11.17886491703184,1.3978737952267715,0.3163841807909605,0.6368376433957256,0.7330508474576272
226,0.3185840707964602,28.083388955276977,50.199999999999996,27.285486725663716,0.24778761061946902,11.10161347094561,1.4185466901324526,0.2831858407079646,0.7124864375905096,0.7753427128427128
122,0.3360655737704918,26.063887821417396,46.275,24.776065573770495,0.3114754098360656,11.241919880488917,1.2691737369399416,0.32786885245901637,0.6907897589509424,0.7366757000903342
201,0.30845771144278605,28.282196429302864,50.5,27.929452736318407,0.23383084577114427,11.044790664255158,1.4584415925613297,0.25870646766169153,0.7419898148107392,0.754235321420283
127,0.31496062992125984,26.78915401806064,45.550000000000004,25.223937007874017,0.2992125984251969,11.17490167026983,1.4754094240861895,0.31496062992125984,0.6748480572587015,0.705316091954023
140,0.2857142857142857,29.360664241585056,51.199999999999996,30.797,0.17142857142857143,10.846801604655408,1.5607412873753406,0.30714285714285716,0.7007656126788588,0.7949999999999999
133,0.37593984962406013,25.248823513441994,42.0,22.078496240601506,0.38345864661654133,11.360642215114302,1.174657178793436,0.3533834586466165,0.6691431243616431,0.711566265060241
129,0.31007751937984496,29.978151419799882,56.599999999999994,31.09023255813953,0.13953488372093023,10.954388903141334,1.453761707123617,0.24031007751937986,0.7412675054992943,0.7782303370786516
170,0.34705882352941175,26.27933036118899,44.6,23.884235294117644,0.3176470588235294,11.351208999392224,1.0896854853626214,0.3176470588235294,0.6244943188394523,0.7014811421591083
194,0.32989690721649484,27.892486371287113,51.025,26.700721649484528,0.26288659793814434,11.157243030143796,1.4246695240723435,0.28350515463917525,0.6858639193170348,0.74375
151,0.2980132450331126,29.38737503222716,51.14999999999999,30.137880794701985,0.2052980132450331,10.912475286550254,1.5766837776844793,0.2781456953642384,0.7254040165977268,0.7720125786163522
205,0.3170731707317073,28.1098894940001,50.3,27.294243902439028,0.25365853658536586,11.104408128060804,1.3717518248713945,0.2975609756097561,0.7210434215336678,0.7445054945054945
156,0.32051282051282054,28.30053145049541,49.699999999999996,27.602692307692312,0.23717948717948717,11.185738659639807,1.3481730678022545,0.32051282051282054,0.6835063902212792,0.739811320754717
211,0.3175355450236967,28.58454961790542,50.849999999999994,28.438483412322274,0.22274881516587677,11.055243801269622,1.4436020551678799,0.25118483412322273,0.7228839599964412,0.7858105306799337
224,0.32142857142857145,28.12831782964222,50.74999999999999,27.214375,0.25,11.108544024706726,1.4224166108090044,0.2857142857142857,0.7266455292396939,0.7613304093567251
170,0.36470588235294116,26.041386410513773,48.675000000000004,23.620117647058823,0.31176470588235294,11.315113975021669,1.209658765380919,0.35294117647058826,0.6178037848998041,0.7114695340501792
173,0.3236994219653179,29.002267870958388,52.699999999999996,28.875260115606938,0.2023121387283237,11.11213027052768,1.365936787761176,0.3179190751445087,0.6989708036576758,0.7103174603174603
173,0.31213872832369943,28.297062588709593,51.2,28.3921387283237,0.21965317919075145,11.020733403016099,1.4474898875132318,0.28901734104046245,0.7085832947281835,0.7720199190787427
172,0.28488372093023256,27.175462314234583,45.975,26.92697674418605,0.2558139534883721,11.059851844968414,1.4840207616665382,0.3023255813953488,0.6838195571598026,0.7105525136884021
125,0.36,27.82402103822314,54.199999999999996,26.110719999999997,0.272,11.227859215650543,1.1342792651608151,0.336,0.6918458614734055,0.6986111111111111
189,0.31746031746031744,27.632247252729126,50.0,26.836402116402116,0.24338624338624337,11.09719822803583,1.45577143788751,0.2804232804232804,0.6967033223791078,0.7186046511627907
127,0.3228346456692913,24.882844263822975,42.35000000000001,22.67543307086614,0.3543307086614173,11.422219771544281,1.002584224751325,0.3228346456692913,0.5800034931019458,0.5683494044242768
155,0.36129032258064514,25.50829812295307,42.55,22.79793548387097,0.34838709677419355,11.428039091457492,1.0901989698652605,0.32903225806451614,0.5923191626155514,0.6466450216450217
219,0.3150684931506849,28.137824746243183,50.349999999999994,27.48557077625571,0.2420091324200913,11.107429446564302,1.3934829478594788,0.273972602739726,0.7052435371599841,0.7539130434782608
120,0.30833333333333335,28.55284859542328,50.99999999999999,28.270333333333333,0.225,11.128880341515703,1.3625764317605003,0.25,0.7219467948111629,0.7520351676978183
150,0.32,27.650517338752834,49.324999999999996,27.0636,0.26,11.0652612079263,1.5586964796907006,0.32666666666666666,0.7080894694114664,0.7095588235294117
153,0.30718954248366015,30.502723565144816,59.4,31.48052287581699,0.1503267973856209,10.888563361675093,1.5714778489584853,0.2549019607843137,0.7467243648533384,0.7543155359293456
173,0.3063583815028902,29.915150442961227,56.599999999999994,31.020924855491334,0.15606936416184972,10.940051629583023,1.5398695969340355,0.24277456647398843,0.7318769351359381,0.7740566037735849
176,0.3125,29.099996857901377,51.275,29.128522727272728,0.21022727272727273,10.990391345844598,1.5201337965041288,0.2840909090909091,0.72008115357514,0.7611570247933884
206,0.32038834951456313,29.079086547551174,55.300000000000004,29.094271844660202,0.1941747572815534,11.026172100483699,1.4504913575874303,0.24271844660194175,0.7407364221965552,0.8145021645021645
219,0.3287671232876712,28.01709208509207,50.849999999999994,26.92337899543379,0.2511415525114155,11.167369847130827,1.3214032586352658,0.2968036529680365,0.6865347821901401,0.7518424036281179
219,0.3287671232876712,27.95482917431808,50.749999999999986,26.74940639269406,0.2557077625570776,11.187550820514288,1.2941078735174953,0.2922374429223744,0.6972335462344117,0.7484410430839002
139,0.302158273381295,28.320544274894765,54.0,28.175539568345325,0.19424460431654678,11.119346973623522,1.337936594609778,0.2733812949640288,0.7051637995079988,0.7306087383406972
161,0.32919254658385094,27.00788670183913,46.400000000000006,25.130683229813666,0.2919254658385093,11.232146531261906,1.3517560749210762,0.3167701863354037,0.6870139469303714,0.7751572327044025
220,0.31363636363636366,28.245023715822004,50.475,27.737363636363636,0.23636363636363636,11.086510606666224,1.4304392833349686,0.2772727272727273,0.7327418750655729,0.7623572319800365
164,0.31097560975609756,28.919686547376404,51.300000000000004,29.09951219512195,0.20121951219512196,11.047236923388466,1.4578637126929963,0.3048780487804878,0.7237572994390333,0.7581120943952802
121,0.2809917355371901,27.771081759514946,44.50000000000001,29.237520661157024,0.19008264462809918,10.974051155401602,1.601869147976528,0.23140495867768596,0.7117125721028799,0.716869506423259
203,0.30049261083743845,28.614676019397265,52.39999999999999,28.473497536945818,0.21182266009852216,11.071542974543359,1.4511728992161426,0.27586206896551724,0.7243998908205284,0.7492495959362734
167,0.2994011976047904,27.449677782969708,47.39999999999999,26.6348502994012,0.25748502994011974,11.118737304024554,1.4392329677260933,0.2994011976047904,0.7244080236718826,0.7045299145299145
190,0.32105263157894737,27.9183129132679,51.25,27.096947368421052,0.24736842105263157,11.110906352561923,1.3981248531748065,0.26842105263157895,0.6931084007386519,0.7633117295717372
130,0.3384615384615385,27.642830776843123,49.275,25.934461538461534,0.27692307692307694,11.070491117797108,1.5091481288816184,0.3153846153846154,0.639459562158081,0.6786469344608879
178,0.3089887640449438,28.57001462805261,51.074999999999996,27.843370786516854,0.23595505617977527,11.056359784623758,1.4659618063482769,0.29213483146067415,0.6617225367864998,0.7782705099778271
179,0.3743016759776536,26.428637687425013,50.85000000000001,23.787262569832404,0.3128491620111732,11.341420167114922,1.1617343217777654,0.31843575418994413,0.6967481491341013,0.7615271855010661
135,0.31851851851851853,29.116067983794217,55.0,28.978814814814818,0.21481481481481482,10.96065039785027,1.5848288898375946,0.28888888888888886,0.7247635144715934,0.7735085945399394
158,0.35443037974683544,26.2792855319359,44.50000000000001,23.61860759493671,0.33544303797468356,11.309626989892816,1.2523336300156707,0.35443037974683544,0.6356388787232922,0.6850490196078431
151,0.36423841059602646,25.96922238455126,46.400000000000006,23.287417218543048,0.33774834437086093,11.29876120041672,1.1827137165815191,0.2847682119205298,0.6427142188412243,0.7517045454545455
161,0.32298136645962733,28.242568650995807,50.5,27.217639751552795,0.2608695652173913,11.054681941791259,1.5075434748206702,0.3105590062111801,0.725971187431028,0.7452364149611856
150,0.35333333333333333,25.636087679263415,42.025,22.929333333333332,0.3466666666666667,11.306617359905536,1.3611245247499941,0.3333333333333333,0.6852673299923748,0.7167866173896129
195,0.3384615384615385,28.769898853345328,54.400000000000006,27.94933333333334,0.23076923076923078,11.133840735004549,1.3869877496933585,0.24615384615384617,0.7364005234149955,0.7706131078224101
163,0.3803680981595092,26.04685202595539,47.35,23.195337423312882,0.3312883435582822,11.402443634631489,1.050379079513823,0.34355828220858897,0.6728951090761723,0.7063238581922708
185,0.2972972972972973,29.46166861857682,51.5,30.24713513513513,0.17297297297297298,10.972465202823772,1.5073039872837422,0.2810810810810811,0.7279390946265991,0.7437062937062937
140,0.29285714285714287,30.773292068075712,59.50000000000001,33.15085714285715,0.10714285714285714,10.85329681092593,1.587196753313832,0.2571428571428571,0.6688460994051191,0.7707563439270757
176,0.3465909090909091,28.94753767852027,56.050000000000004,27.934204545454545,0.22727272727272727,11.100463616239638,1.4200747830987157,0.3181818181818182,0.7066694775521436,0.7732002851033499
120,0.2833333333333333,26.69381231293723,48.0,26.972666666666665,0.25833333333333336,11.043915391897267,1.4796797431812911,0.24166666666666667,0.6617578099420922,0.7305061559507524
221,0.3167420814479638,28.092513553654076,50.39999999999999,27.31819004524887,0.248868778280543,11.091623303056945,1.4295762248236403,0.2850678733031674,0.7155752765667467,0.7787133396404919
191,0.3036649214659686,28.252317391958883,49.800000000000004,27.87026178010471,0.24083769633507854,11.041978216698654,1.4512399183634195,0.2879581151832461,0.6936717601801512,0.7572595281306715
205,0.32195121951219513,27.860586885714582,49.400000000000006,27.09960975609756,0.24878048780487805,11.143312409022155,1.3398298810500284,0.2780487804878049,0.6748476400678328,0.7541966426858513
211,0.3175355450236967,27.78478989696694,49.35000000000001,27.123317535545027,0.25118483412322273,11.096250310212785,1.4111086466530918,0.2890995260663507,0.71607520198543,0.734089966832504
170,0.28823529411764703,29.761849023172378,53.0,30.948941176470587,0.17647058823529413,10.92675199971288,1.535327187421353,0.25882352941176473,0.7145601618173043,0.727610052285377
206,0.3155339805825243,28.91966477410241,52.62500000000001,28.58553398058253,0.21359223300970873,11.06936660825826,1.45507919136675,0.28640776699029125,0.7045509030971703,0.7421167484997272
203,0.32019704433497537,28.266991835533762,52.849999999999994,27.151330049261084,0.2413793103448276,11.122229116402464,1.4390755278929797,0.26108374384236455,0.6963376966263063,0.709866220735786
207,0.3188405797101449,27.859220290412274,49.3,26.87787439613526,0.2560386473429952,11.151238072128177,1.3755733182679606,0.30917874396135264,0.7211608378315403,0.7562862669245648
151,0.26490066225165565,28.996069091886522,45.199999999999996,30.733377483443707,0.16556291390728478,10.9283894749287,1.5387939306223308,0.2913907284768212,0.6993691305453318,0.7414414414414414
130,0.3,29.87142118203794,52.800000000000004,30.44476923076923,0.18461538461538463,10.9073747559367,1.5432600991317917,0.2692307692307692,0.7250287660908165,0.7197802197802198
169,0.3136094674556213,29.30421034424388,52.9,28.878343195266268,0.20710059171597633,10.951807440655024,1.5425414880614552,0.2781065088757396,0.7061844605262007,0.7569128171763175
201,0.32338308457711445,28.903698954867902,55.599999999999994,28.529452736318408,0.20398009950248755,11.051717411282645,1.460497853294564,0.2537313432835821,0.738749644615813,0.8184389140271493
188,0.324468085106383,28.688572047164687,53.824999999999996,28.12776595744681,0.2127659574468085,11.065039554122563,1.442314235839674,0.26063829787234044,0.7270381602108961,0.7619078352910804
220,0.32272727272727275,28.157848760445216,50.475,27.367363636363635,0.24545454545454545,11.131548804022751,1.3880652907188753,0.2909090909090909,0.6931873542992273,0.7581529445127139
207,0.30434782608695654,28.64887409980263,51.650000000000006,29.00299516908212,0.19806763285024154,11.008666299098165,1.4387691682892287,0.26570048309178745,0.7297868154530326,0.7728174603174602
194,0.28865979381443296,28.567326759908088,50.625,29.190824742268042,0.1958762886597938,11.001196488883949,1.481789457810226,0.29896907216494845,0.7120154999181599,0.7453416149068324
220,0.3181818181818182,28.28939144409603,52.0,27.50509090909091,0.2409090909090909,11.101013268750268,1.43205332075297,0.2863636363636364,0.7105848287034744,0.7633333333333333
196,0.32653061224489793,26.974869851512125,47.54999999999999,25.62112244897959,0.28061224489795916,11.185686371499111,1.3520386193964276,0.3112244897959184,0.6933074766576889,0.7410037878787878
129,0.3643410852713178,25.628165998406136,44.0,22.72248062015504,0.35658914728682173,11.18951175338758,1.4947888697321134,0.3798449612403101,0.6485792868286872,0.6987545407368967
218,0.3165137614678899,28.296080330018675,50.3,27.762018348623858,0.24311926605504589,11.069355238898128,1.4338377005935306,0.28440366972477066,0.7303816820626458,0.7667542067892228
120,0.2916666666666667,28.109717246345042,50.12499999999999,28.2345,0.21666666666666667,11.047982764447628,1.3384515862972461,0.2,0.718411736864492,0.7176470588235294
193,0.3160621761658031,26.658124712163406,46.4,25.506839378238347,0.2849740932642487,11.22182667582282,1.220073162082344,0.3160621761658031,0.6689023207788372,0.6928092399403875
136,0.27941176470588236,29.376684839829174,52.074999999999996,31.569264705882354,0.16176470588235295,10.791545060237745,1.5941459046074087,0.19852941176470587,0.7390408046975805,0.7604726100966703
206,0.3155339805825243,28.9673652345003,53.775000000000006,28.914660194174758,0.19902912621359223,11.047603038992786,1.4583701766244572,0.2621359223300971,0.7304220319177042,0.7989088925259138
144,0.2986111111111111,29.2439201047408,51.4,30.52527777777778,0.16666666666666666,10.936300320503058,1.560220273638494,0.24305555555555555,0.7065045430816634,0.7862076905364954
163,0.294478527607362,28.975694984867804,51.8,29.797055214723926,0.1901840490797546,10.974673217430913,1.5058828007704663,0.25153374233128833,0.6925956191560494,0.7681159420289855
173,0.3063583815028902,28.246549810666775,51.3,27.504161849710986,0.24855491329479767,11.093506185293831,1.4447725999907788,0.3699421965317919,0.675345901056147,0.745754716981132
137,0.291970802919708,28.069864497631876,49.1,27.31985401459854,0.25547445255474455,11.02112572407904,1.519538326017921,0.3357664233576642,0.6920722770234978,0.7167525773195876
214,0.3317757009345794,27.8836406846667,50.699999999999996,26.556168224299068,0.2616822429906542,11.139466612860378,1.4179398588208014,0.29906542056074764,0.7076142568063902,0.7436225746084901
152,0.34210526315789475,28.175358601592585,49.300000000000004,26.07907894736842,0.3026315789473684,11.287963942023751,1.2280056094321918,0.29605263157894735,0.7270768287468666,0.7311538461538462
225,0.32,28.1389943996831,50.39999999999999,27.39031111111111,0.24444444444444444,11.099707220712606,1.4214194238762639,0.28888888888888886,0.7106167990857587,0.7549019607843137
124,0.33064516129032256,31.234559059195064,59.8,31.88,0.1532258064516129,10.919597477015417,1.5699543495827089,0.2661290322580645,0.730276926916098,0.7511019688510139
226,0.3185840707964602,28.08338895527697,50.199999999999996,27.28548672566372,0.24778761061946902,11.10161347094561,1.4185466901324526,0.2831858407079646,0.7153425274828363,0.7720959595959596
181,0.3149171270718232,28.852612571121718,52.10000000000001,28.221215469613263,0.23204419889502761,11.03168950334338,1.5070534393259762,0.287292817679558,0.7200026158162369,0.7486559139784946
226,0.3185840707964602,28.08338895527697,50.199999999999996,27.28548672566372,0.24778761061946902,11.101613470945606,1.4185466901324526,0.2831858407079646,0.7121405306979623,0.7387265512265513
216,0.3194444444444444,28.241646788012915,51.599999999999994,27.412592592592596,0.24074074074074073,11.115955407318948,1.3979079987199663,0.2962962962962963,0.7080588992467336,0.7197574682046732
191,0.31413612565445026,28.855094594094975,53.05,28.419999999999998,0.225130890052356,11.060655508810042,1.466064179820119,0.2774869109947644,0.7210742756568839,0.7712468193384223
200,0.32,28.00287434618527,50.74999999999999,27.1221,0.25,11.115169376240877,1.38441507331574,0.285,0.7036797231601097,0.7555147058823529
131,0.2824427480916031,28.19098031688941,50.949999999999996,28.959847328244276,0.22137404580152673,11.04183178656164,1.4422829812586213,0.2824427480916031,0.6927093277081555,0.7228292121909143
142,0.3380281690140845,28.033280200528058,50.54999999999999,26.654366197183098,0.2605633802816901,11.202906917184404,1.3493520561771495,0.29577464788732394,0.6963528232401061,0.737145390070922
201,0.30845771144278605,28.79674880315208,50.7,29.020995024875624,0.19900497512437812,11.037864629566526,1.4590548259022011,0.24875621890547264,0.7208526324972082,0.7685077744256208
184,0.33152173913043476,28.113293458612155,51.325,26.566521739130433,0.27717391304347827,11.101694489361817,1.4443098667003433,0.266304347826087,0.7534669099393527,0.7425029988004798
217,0.31336405529953915,27.90254316431919,49.1,27.187281105990785,0.2488479262672811,11.105695995261762,1.4246596564959042,0.28110599078341014,0.7007460603649126,0.738995262534544
166,0.29518072289156627,28.520912533720153,50.625,29.01879518072289,0.1927710843373494,11.057411793144599,1.4402936349824818,0.3072289156626506,0.679936603494271,0.6788766788766789
225,0.32,28.047024171434227,50.2,27.19208888888889,0.24888888888888888,11.121362815057052,1.3902216701999817,0.28,0.7036086572729661,0.7455065359477124
164,0.3475609756097561,27.40958357407723,48.775,25.28585365853658,0.2926829268292683,11.1808606732747,1.377294169255987,0.2865853658536585,0.6751212794246211,0.7299557304476143
183,0.2786885245901639,27.853164477174616,47.85,28.292349726775956,0.2185792349726776,11.05898910650338,1.4733519804124393,0.25136612021857924,0.747840149450925,0.7787433155080214
188,0.2925531914893617,29.105866447251465,51.49999999999999,30.019787234042553,0.17553191489361702,10.954835963122578,1.495987395866143,0.25,0.725107633268851,0.7680792891319207
133,0.3533834586466165,28.459383730252565,54.099999999999994,27.14451127819549,0.24812030075187969,11.051570220161468,1.3933687479637802,0.2932330827067669,0.7198998732087862,0.7725136071251856
206,0.3155339805825243,27.83904135943721,48.875,26.85640776699029,0.2524271844660194,11.121619907657895,1.4124841309421612,0.32038834951456313,0.6935401880920755,0.7308783415166393
188,0.30319148936170215,28.58204306713317,50.85,28.510851063829794,0.2127659574468085,11.02596452043993,1.4690757447017373,0.2978723404255319,0.7036421473661731,0.7093210124548011
133,0.3157894736842105,28.560228000178707,49.800000000000004,28.358496240601507,0.22556390977443608,11.046723883489244,1.5144928756010931,0.2932330827067669,0.6748013955261932,0.663919413919414
216,0.32407407407407407,27.65912325481063,49.824999999999996,26.580000000000002,0.25925925925925924,11.167531012013043,1.3413644671246143,0.2916666666666667,0.7145705552311976,0.7643835616438356
207,0.30917874396135264,28.968644025927507,54.900000000000006,29.056618357487924,0.18840579710144928,11.055591137829865,1.4540693580400543,0.2946859903381642,0.7138237142144487,0.7945804195804196
221,0.3167420814479638,27.995849338887304,49.8,27.175656108597288,0.25339366515837103,11.115931184608224,1.4025316891853652,0.2850678733031674,0.7025192644753806,0.7644276253547777
169,0.2958579881656805,27.838896673377402,49.400000000000006,27.891242603550296,0.23076923076923078,11.057611416541397,1.4696758569491284,0.28402366863905326,0.7275892627490484,0.7517647058823529
218,0.3211009174311927,28.349987559919906,51.5,27.737247706422018,0.23853211009174313,11.069679337935797,1.4278643642321525,0.2706422018348624,0.7105816522906143,0.7764478764478764
127,0.3464566929133858,28.602062873155237,55.000000000000014,27.46944881889764,0.2283464566929134,11.17744834873113,1.3602957383310004,0.33858267716535434,0.6977566306726241,0.7150876232201533
205,0.3024390243902439,28.573416152209816,51.2,28.962536585365854,0.1902439024390244,11.02259637543303,1.4560596512464108,0.2731707317073171,0.737457236555066,0.7814121362508459
211,0.33175355450236965,27.71853913406103,49.599999999999994,26.30199052132701,0.26540284360189575,11.151549275341392,1.4171439702006066,0.3033175355450237,0.6823392724302962,0.7149949341438704
175,0.3142857142857143,29.56449766450212,56.89999999999999,30.29211428571429,0.16,10.976375733960943,1.514647243224626,0.25142857142857145,0.7416012303405805,0.7571969696969697
