rank,cluster,importance_mean,importance_std,importance_cv,frac_folds_positive,n_folds,members
1,cluster7,0.45044662198726365,0.13483305478353097,0.2993319256978319,1.0,10,lesion_volume|9_MCAPL|11_MCATL
2,cluster6,0.1424317092759359,0.04814346720815723,0.3380108787074084,1.0,10,5_LLSL|7_MCAFL|15_MCAIL
3,age_at_stroke,0.03035425732986961,0.024308732101811715,0.8008343553802288,0.9,10,age_at_stroke
4,21_PCTPL,0.004498697932486905,0.008758653490326458,1.9469307834777487,0.6,10,21_PCTPL
5,cluster3,0.0029398816471521683,0.007648470941304359,2.6016254595532273,0.7,10,13_MCAOL|19_PCAOL
6,23_ACTPL,-0.002289099153684515,0.014306745738914993,6.2499458426197805,0.7,10,23_ACTPL
7,17_PCATL,-0.002644867532725913,0.010664129084402054,4.032008768851705,0.4,10,17_PCATL
8,31_LVL,-0.004714300959378258,0.00615233740889765,1.3050370483154403,0.2,10,31_LVL
9,cluster5,-0.005351139327073123,0.01602281922162294,2.9942818234162543,0.5,10,1_ACAL|3_MLSL
