file,dest,status,bytes,sha256
wsub-M2001_ses-1253x1076_lesion.nii.gz,data/raw/lesion_masks_mni/wsub-M2001_ses-1253x1076_lesion.nii.gz,downloaded,14757,3b9dfe74b7c7a9490ea43644341519e07d069a62708f5cb1242b14ff5a15f842
wsub-M2002_ses-1441x1440_lesion.nii.gz,data/raw/lesion_masks_mni/wsub-M2002_ses-1441x1440_lesion.nii.gz,downloaded,12707,993fbefc6e280fe24e4322dc28e6822cb9f0043ea5857abf4bbc67d8aef0a096
wsub-M2004_ses-755x524_lesion.nii.gz,data/raw/lesion_masks_mni/wsub-M2004_ses-755x524_lesion.nii.gz,downloaded,9732,c277fdc5725583ff1100ba9bddacdf08aed888b8cab97d467b30b9f431a85d10
wsub-M2005_ses-1034x520_lesion.nii.gz,data/raw/lesion_masks_mni/wsub-M2005_ses-1034x520_lesion.nii.gz,downloaded,10156,11b36d44fdb8a9eceaf582332902d11541bc1260a7e209f215493e0524484051
wsub-M2006_ses-2381x1773_lesion.nii.gz,data/raw/lesion_masks_mni/wsub-M2006_ses-2381x1773_lesion.nii.gz,downloaded,12675,62803bab5ac74c45c3c586534a7b783de0a1256fb7bc9f711297a12c125334ea
wsub-M2007_ses-6330x6329_lesion.nii.gz,data/raw/lesion_masks_mni/wsub-M2007_ses-6330x6329_lesion.nii.gz,downloaded,17523,a77cfba06d3bc0d69acc5cc023639edd1344caf86126095ac97c33ebab25cd84
wsub-M2009_ses-2830x2815_lesion.nii.gz,data/raw/lesion_masks_mni/wsub-M2009_ses-2830x2815_lesion.nii.gz,downloaded,11076,7103821c96326c239c33cb9ba5bebef2fb3d1b5cbd24e277d58cd177d6f1c52e
wsub-M2011_ses-339x268_lesion.nii.gz,data/raw/lesion_masks_mni/wsub-M2011_ses-339x268_lesion.nii.gz,downloaded,11208,d07a90ae3267cb107acb85923d4da53ba5aba0683ed399bd5301c50c6986f187
wsub-M2012_ses-1158_lesion.nii.gz,data/raw/lesion_masks_mni/wsub-M2012_ses-1158_lesion.nii.gz,downloaded,10361,d2049018b049a7c51011771b6ed0f11c6d1ea971a4a80f3744d75204c65b827f
wsub-M2013_ses-195x136_lesion.nii.gz,data/raw/lesion_masks_mni/wsub-M2013_ses-195x136_lesion.nii.gz,downloaded,6461,804d4cfea62d33041ab56c31adb5e2050c80e2e31d7adad38616153715c9a965
wsub-M2014_ses-322x291_lesion.nii.gz,data/raw/lesion_masks_mni/wsub-M2014_ses-322x291_lesion.nii.gz,downloaded,9449,3d22254b654ee40df241192b263511d9569440346ea0c87a5f0613ee291ca193
wsub-M2015_ses-409x367_lesion.nii.gz,data/raw/lesion_masks_mni/wsub-M2015_ses-409x367_lesion.nii.gz,downloaded,8745,b2719466ac1765abf7bed68c94d8ec86b95560eba5111dc1890fc553a3213880
wsub-M2016_ses-2721x5378_lesion.nii.gz,data/raw/lesion_masks_mni/wsub-M2016_ses-2721x5378_lesion.nii.gz,downloaded,21212,5f42793bee16713ac53339487417849fe412fe6fa346d5f76d2e027a23bf0de4
wsub-M2017_ses-1141x1142_lesion.nii.gz,data/raw/lesion_masks_mni/wsub-M2017_ses-1141x1142_lesion.nii.gz,downloaded,16583,afdc6a0326b40d1aefd04f72202f9811393d392b13785778d4d07f14b79adbac
wsub-M2018_ses-341_lesion.nii.gz,data/raw/lesion_masks_mni/wsub-M2018_ses-341_lesion.nii.gz,downloaded,9308,f0c47c413e07620bc844cc33f2bbaf13416be339133538747ce3fc5f32c523bd
wsub-M2020_ses-534x525_lesion.nii.gz,data/raw/lesion_masks_mni/wsub-M2020_ses-534x525_lesion.nii.gz,downloaded,10759,2197629103578efc01b99949a3b81e887aaee2173cffeef0d09f9078889af285
wsub-M2021_ses-1076x1110_lesion.nii.gz,data/raw/lesion_masks_mni/wsub-M2021_ses-1076x1110_lesion.nii.gz,downloaded,7351,36e8248479a0f49814fbb6b2eea57e511c63ff1dfc763b106a11d133e07f8598
wsub-M2022_ses-1025x1108_lesion.nii.gz,data/raw/lesion_masks_mni/wsub-M2022_ses-1025x1108_lesion.nii.gz,downloaded,8179,f6c996d776ff596bcb8cc8e4253bdfbd0ff161eab731e1aa6238ef76d4f0a1c2
wsub-M2023_ses-465x479_lesion.nii.gz,data/raw/lesion_masks_mni/wsub-M2023_ses-465x479_lesion.nii.gz,downloaded,14611,ad74ade61fc9edecf098e67a84bb153faa8184837a1edc354bc064ce5a5bf289
wsub-M2024_ses-291x305_lesion.nii.gz,data/raw/lesion_masks_mni/wsub-M2024_ses-291x305_lesion.nii.gz,downloaded,11870,2b9b12742d6c67373037d5441ea12a362137d4e360f0dda7ef4767d0ab241a7d
wsub-M2025_ses-892x886_lesion.nii.gz,data/raw/lesion_masks_mni/wsub-M2025_ses-892x886_lesion.nii.gz,downloaded,14114,f733e07fd68bbfbe0090cbe8aaa2dbd298baa42394e5e5a97c09bc1c5c740284
wsub-M2026_ses-3098_lesion.nii.gz,data/raw/lesion_masks_mni/wsub-M2026_ses-3098_lesion.nii.gz,downloaded,6271,210498ea0815b4a0d8335241c88dbbf5b520073438cdae0ac4bedae6f6219678
wsub-M2027_ses-175x195_lesion.nii.gz,data/raw/lesion_masks_mni/wsub-M2027_ses-175x195_lesion.nii.gz,downloaded,10880,e90d997dff22b2762888a3753fe419109058dad9be4f5c54fcc502b42e86c68e
wsub-M2029_ses-180_lesion.nii.gz,data/raw/lesion_masks_mni/wsub-M2029_ses-180_lesion.nii.gz,downloaded,15507,bf056079f56654ccd13cc2d29f473d3a461558825215c9fd50b836f6b4e45da6
wsub-M2030_ses-1455x1454_lesion.nii.gz,data/raw/lesion_masks_mni/wsub-M2030_ses-1455x1454_lesion.nii.gz,downloaded,15242,0dd2c6a160cc2faf24e7dc2330749a5a3e89d1d93fd068125bf750b558578208
wsub-M2031_ses-186x189_lesion.nii.gz,data/raw/lesion_masks_mni/wsub-M2031_ses-186x189_lesion.nii.gz,downloaded,13610,fc81b559a4988005c0b89a2546affa4318108a11bc4b89ba5d6baef34b9d6e3f
wsub-M2032_ses-251x250_lesion.nii.gz,data/raw/lesion_masks_mni/wsub-M2032_ses-251x250_lesion.nii.gz,downloaded,15015,0d5d6a79ab7cc78ec9d2ab8b235598e0ff2d6cd563851332107b20548f045bf9
wsub-M2034_ses-1568_lesion.nii.gz,data/raw/lesion_masks_mni/wsub-M2034_ses-1568_lesion.nii.gz,downloaded,20348,fac3bb58501a9925a7907731d9d69c7451fd06c7aa599e8290da9564b8cb7bf9
wsub-M2035_ses-4295_lesion.nii.gz,data/raw/lesion_masks_mni/wsub-M2035_ses-4295_lesion.nii.gz,downloaded,17696,1b7b0469bd6c885615357a0025bee6df3e301a11fe27ce50357615e92a635c1b
wsub-M2036_ses-695_lesion.nii.gz,data/raw/lesion_masks_mni/wsub-M2036_ses-695_lesion.nii.gz,downloaded,13401,fba79fad2d2eb4438889f8fedd659b4dfdf61ace3e35c17bcbb58d920ef78e17
wsub-M2037_ses-275_lesion.nii.gz,data/raw/lesion_masks_mni/wsub-M2037_ses-275_lesion.nii.gz,downloaded,9191,1b77d780ccb8df372aee4b7f97f2739473fb71bfee3dc6c46b1f956fa9506024
wsub-M2040_ses-212x207_lesion.nii.gz,data/raw/lesion_masks_mni/wsub-M2040_ses-212x207_lesion.nii.gz,downloaded,16872,5d10d06e5ca9291097f9d4f239862d3bbd582e2f63b064183607a86dc065fff1
wsub-M2041_ses-873x872_lesion.nii.gz,data/raw/lesion_masks_mni/wsub-M2041_ses-873x872_lesion.nii.gz,downloaded,15074,ad8ea5815d55597cb2d78eab8e0f21efc401c1bfd0df59d5b8e9d60a5eeccf3f
wsub-M2042_ses-1953_lesion.nii.gz,data/raw/lesion_masks_mni/wsub-M2042_ses-1953_lesion.nii.gz,downloaded,15233,89ff8f0cdf285f24cca2c1243c1d85eebff5a6c960c6fecf4bedff86e4dcc7e3
wsub-M2043_ses-183_lesion.nii.gz,data/raw/lesion_masks_mni/wsub-M2043_ses-183_lesion.nii.gz,downloaded,6047,1d0b593ffb53480b68bd924d000ec52abeb5def92d95ce5d8a57ba07ad22ab97
wsub-M2044_ses-2150_lesion.nii.gz,data/raw/lesion_masks_mni/wsub-M2044_ses-2150_lesion.nii.gz,downloaded,15371,7c0d7393d0d396c08ab1fcef7c10d7278e321d31562cb242510dab94d8e9e772
wsub-M2045_ses-381_lesion.nii.gz,data/raw/lesion_masks_mni/wsub-M2045_ses-381_lesion.nii.gz,downloaded,20533,061a5b4f99397321c674e1c02806ad7b825ca609b7f323f400df6d44f91382c9
wsub-M2046_ses-2499_lesion.nii.gz,data/raw/lesion_masks_mni/wsub-M2046_ses-2499_lesion.nii.gz,downloaded,15415,f75290fd6c27cc11d7c0b4ba9846fd1e44766da7c159a873d77375cef969e5da
wsub-M2047_ses-553_lesion.nii.gz,data/raw/lesion_masks_mni/wsub-M2047_ses-553_lesion.nii.gz,downloaded,10755,9e2310dc16ffdc510670f7957c5993b942d796a19f4747a6c7a868c8d70bd4f9
wsub-M2048_ses-215_lesion.nii.gz,data/raw/lesion_masks_mni/wsub-M2048_ses-215_lesion.nii.gz,downloaded,11439,773a1410a52a9be0035c2fe92ec7a6549c9b005376f58c9c1b7d45a022612d16
wsub-M2049_ses-825_lesion.nii.gz,data/raw/lesion_masks_mni/wsub-M2049_ses-825_lesion.nii.gz,downloaded,6812,54c601031154bfa23f939107c05573bb6505d908979e4de7ae6701bd777a45d8
wsub-M2050_ses-208_lesion.nii.gz,data/raw/lesion_masks_mni/wsub-M2050_ses-208_lesion.nii.gz,downloaded,7878,8cf4b30586e124acf754b4c5807b185af98bdf955a6852cbabf47981d3ba48d3
wsub-M2051_ses-284_lesion.nii.gz,data/raw/lesion_masks_mni/wsub-M2051_ses-284_lesion.nii.gz,downloaded,14660,ec7ea170b41d8d8418de030de3041b36ad16466e90b8b0107c3ac974fc4c1c48
wsub-M2052_ses-3710_lesion.nii.gz,data/raw/lesion_masks_mni/wsub-M2052_ses-3710_lesion.nii.gz,downloaded,17379,016047bbe9d3eb3ff097cdf663ceb43a63469edb453383ab7443808878f7c986
wsub-M2054_ses-1598_lesion.nii.gz,data/raw/lesion_masks_mni/wsub-M2054_ses-1598_lesion.nii.gz,downloaded,13058,45ce70bcc6f6cfe5869b7b0e4f54639fd12aba5e954c5559274b8dfb08f7f9d1
wsub-M2055_ses-1469_lesion.nii.gz,data/raw/lesion_masks_mni/wsub-M2055_ses-1469_lesion.nii.gz,downloaded,9675,15749bbdb1731fc8fd40b915c0cc5f904d14d752e05e5e3fa22bad59de7b7960
wsub-M2057_ses-520_lesion.nii.gz,data/raw/lesion_masks_mni/wsub-M2057_ses-520_lesion.nii.gz,downloaded,12560,e68abd4223fa634a177732c29a0d0b20714f267d6c8094c71d9b98f9bddf1d26
wsub-M2058_ses-3471_lesion.nii.gz,data/raw/lesion_masks_mni/wsub-M2058_ses-3471_lesion.nii.gz,downloaded,11841,ad3cb17cdd2f880dc53c42dc99dc2a1304e73f225685ade50bf2797042f3b990
wsub-M2059_ses-1239_lesion.nii.gz,data/raw/lesion_masks_mni/wsub-M2059_ses-1239_lesion.nii.gz,downloaded,11389,558a48778927b55afee59d670405e9272127501f138b31812020b8bf2a315959
wsub-M2060_ses-220_lesion.nii.gz,data/raw/lesion_masks_mni/wsub-M2060_ses-220_lesion.nii.gz,downloaded,11016,e1af02153939dc1914f256b9d364e27d81b86256e7a1709d05e9de79b2119b0b
wsub-M2061_ses-252_lesion.nii.gz,data/raw/lesion_masks_mni/wsub-M2061_ses-252_lesion.nii.gz,downloaded,10897,5038eed223e49f94d491226d0078242da568534a23a31623b320c676d78829f9
wsub-M2066_ses-325_lesion.nii.gz,data/raw/lesion_masks_mni/wsub-M2066_ses-325_lesion.nii.gz,downloaded,12368,8f012d3133f546ca9412c185b569dd47108aa9858bcb2754af654730b032d73c
wsub-M2069_ses-5818_lesion.nii.gz,data/raw/lesion_masks_mni/wsub-M2069_ses-5818_lesion.nii.gz,downloaded,7657,ec3977ce87ec7cf9baac2bd27f11baeabb426737917c275a0f30a6fd4f79f69a
wsub-M2071_ses-1660_lesion.nii.gz,data/raw/lesion_masks_mni/wsub-M2071_ses-1660_lesion.nii.gz,downloaded,12504,8519d5e2ad866bff9803cf47f602a3a8947cf4fe401949965a902a0d59757162
wsub-M2072_ses-715_lesion.nii.gz,data/raw/lesion_masks_mni/wsub-M2072_ses-715_lesion.nii.gz,downloaded,13817,e3ec6e8b2842bdba1078fea630535bc65ce7c1d58accf1e8b19d52d651e7eba7
wsub-M2073_ses-562_lesion.nii.gz,data/raw/lesion_masks_mni/wsub-M2073_ses-562_lesion.nii.gz,downloaded,7351,4e3ba560a96a221f561e194300994cf921c2bdb2db4c089cbfe4b0d20e3bd1a5
wsub-M2074_ses-2183_lesion.nii.gz,data/raw/lesion_masks_mni/wsub-M2074_ses-2183_lesion.nii.gz,downloaded,16886,270e7f700f4a1052ece6157bbabffb36eeae0c7303b9140af65c889e0eed5856
wsub-M2075_ses-529_lesion.nii.gz,data/raw/lesion_masks_mni/wsub-M2075_ses-529_lesion.nii.gz,downloaded,8230,091072831f7cfaf1efeef6ad541bfcbc2f466ed5b8ebe8246e3887f13fd8ab27
wsub-M2076_ses-236_lesion.nii.gz,data/raw/lesion_masks_mni/wsub-M2076_ses-236_lesion.nii.gz,downloaded,10334,7b030efb4efdb076391aa7fb7ab8ad34f042419083d29f5a85ecf254f3416479
wsub-M2077_ses-250_lesion.nii.gz,data/raw/lesion_masks_mni/wsub-M2077_ses-250_lesion.nii.gz,downloaded,9714,7882d9e24e53f0775071bba7998497ea89af2e9a6480758ab0e65284b0687c41
wsub-M2078_ses-1970_lesion.nii.gz,data/raw/lesion_masks_mni/wsub-M2078_ses-1970_lesion.nii.gz,downloaded,8877,1433bd0e7ebd469b8d6fe3d2bc137f4055a0ce24b7f5691c248cca55a8860b92
wsub-M2079_ses-217_lesion.nii.gz,data/raw/lesion_masks_mni/wsub-M2079_ses-217_lesion.nii.gz,downloaded,15927,59b109b81562a95ee4e3719668e4da8ae254fca40c29a050d7484df54af2aa04
wsub-M2082_ses-772_lesion.nii.gz,data/raw/lesion_masks_mni/wsub-M2082_ses-772_lesion.nii.gz,downloaded,6311,65a7518d0997b2725553572ec2724b0fbf593b7629358e0eff315866ebb4da22
wsub-M2083_ses-198_lesion.nii.gz,data/raw/lesion_masks_mni/wsub-M2083_ses-198_lesion.nii.gz,downloaded,10813,9b10ce4c0adc63372ec7ddd8aa73f1d71693a06f07951c750a11d97499347a21
wsub-M2084_ses-222_lesion.nii.gz,data/raw/lesion_masks_mni/wsub-M2084_ses-222_lesion.nii.gz,downloaded,9819,8c0db21f14ce52c19f1d2698191f8256b079224b39fa699aad27a71ea890464a
wsub-M2086_ses-3021_lesion.nii.gz,data/raw/lesion_masks_mni/wsub-M2086_ses-3021_lesion.nii.gz,downloaded,12657,e28f04c038579596b098551b1f28f38e51c981fbe23ebd881d314b29c20138d5
wsub-M2087_ses-6127_lesion.nii.gz,data/raw/lesion_masks_mni/wsub-M2087_ses-6127_lesion.nii.gz,downloaded,17478,c0a60e838e0e19d1e37a70b0b3ad85ea01b2b0fbcc34bc05ca47bd0caae49e8e
wsub-M2088_ses-604_lesion.nii.gz,data/raw/lesion_masks_mni/wsub-M2088_ses-604_lesion.nii.gz,downloaded,10235,a5b09542d026aa879d03a60ea6fb642f53e1c5fc884f0fa635e0bbbcee2cf89e
wsub-M2089_ses-302_lesion.nii.gz,data/raw/lesion_masks_mni/wsub-M2089_ses-302_lesion.nii.gz,downloaded,12875,934474262606f1d16c5d62ddd091e2c551076902e4b098a340efb7db62179087
wsub-M2092_ses-321_lesion.nii.gz,data/raw/lesion_masks_mni/wsub-M2092_ses-321_lesion.nii.gz,downloaded,9141,b55689b0f1bf753eebe58823436662dea5a59a3d83add5505ad3f15679f1de84
wsub-M2094_ses-3078_lesion.nii.gz,data/raw/lesion_masks_mni/wsub-M2094_ses-3078_lesion.nii.gz,downloaded,18829,cc2d44a8e4d764a9a29823ee8cf4c04ee79c8c99ace4360658def2a298f03a80
wsub-M2095_ses-264_lesion.nii.gz,data/raw/lesion_masks_mni/wsub-M2095_ses-264_lesion.nii.gz,downloaded,10907,e583d2468327286513a9f2696b177c2d43686912aa9fcd33686ecdae44af3154
wsub-M2096_ses-640_lesion.nii.gz,data/raw/lesion_masks_mni/wsub-M2096_ses-640_lesion.nii.gz,downloaded,13469,9d467eb8a82eaeb4be021292e04baec53371ef30fcd9af06ecb877b73f4d1668
wsub-M2097_ses-1382_lesion.nii.gz,data/raw/lesion_masks_mni/wsub-M2097_ses-1382_lesion.nii.gz,downloaded,15132,023b460cdbd50f2c9cfcb4ceee0982da827e7cb6091a12ed4886712d62198dd7
wsub-M2099_ses-658_lesion.nii.gz,data/raw/lesion_masks_mni/wsub-M2099_ses-658_lesion.nii.gz,downloaded,19272,c3bfa0acb5be46244139add142aba8dd503ebe778fd7e5831fdc53685d7af3cc
wsub-M2100_ses-6369_lesion.nii.gz,data/raw/lesion_masks_mni/wsub-M2100_ses-6369_lesion.nii.gz,downloaded,12895,66703d0ae44658f78b685fc63f5e36ff35ecdcef23a9042be05d404ad91c0d05
wsub-M2101_ses-1309_lesion.nii.gz,data/raw/lesion_masks_mni/wsub-M2101_ses-1309_lesion.nii.gz,downloaded,15862,bf2ce5200e39e9fe9b3d7d04057f5ef0b2baba22ebd57193250cea175c9dc119
wsub-M2102_ses-169_lesion.nii.gz,data/raw/lesion_masks_mni/wsub-M2102_ses-169_lesion.nii.gz,downloaded,9804,58193828bd9af81d94bb04a0e5efe9edefa7ebcc0569b165e46c218f54a6db63
wsub-M2103_ses-222_lesion.nii.gz,data/raw/lesion_masks_mni/wsub-M2103_ses-222_lesion.nii.gz,downloaded,7436,121d390dd549611ec97052e6bb9e9b278143c48868c66138c4b43fe87330f0c9
wsub-M2104_ses-483_lesion.nii.gz,data/raw/lesion_masks_mni/wsub-M2104_ses-483_lesion.nii.gz,downloaded,8349,463b3cda5d3c72ba6e5258ca36a75ce61d497829617eefc5497f133f29a6004b
wsub-M2105_ses-964_lesion.nii.gz,data/raw/lesion_masks_mni/wsub-M2105_ses-964_lesion.nii.gz,downloaded,6371,a25a8984662a80243599d54ec03b8ab85dea00842d782d4c1e81661b87e99210
wsub-M2106_ses-786_lesion.nii.gz,data/raw/lesion_masks_mni/wsub-M2106_ses-786_lesion.nii.gz,downloaded,12009,5cc55d01fc3dc9d05809790d530338cca756e9bda088c4ce2c75889d4d9b817a
wsub-M2107_ses-2107_lesion.nii.gz,data/raw/lesion_masks_mni/wsub-M2107_ses-2107_lesion.nii.gz,downloaded,12417,178012923e43f77eb2319fdb3b52bd279945e11083711d0af15a2de02490725c
wsub-M2109_ses-336_lesion.nii.gz,data/raw/lesion_masks_mni/wsub-M2109_ses-336_lesion.nii.gz,downloaded,11738,7fc7234290d1b5ca041e007663b5f77a6d81394de4aea9fd91ec2c473f432887
wsub-M2110_ses-742_lesion.nii.gz,data/raw/lesion_masks_mni/wsub-M2110_ses-742_lesion.nii.gz,downloaded,10242,7bdf22bfe3c1a5a8a371731aba2dc64fb4e2d0dc421feadfaf68301c3bc2492d
wsub-M2111_ses-638_lesion.nii.gz,data/raw/lesion_masks_mni/wsub-M2111_ses-638_lesion.nii.gz,downloaded,9446,a91fe79cdaf4b390a9cdb545c822c23ac4d8360d8e21f76a6e957bbadf03ffa7
wsub-M2112_ses-262_lesion.nii.gz,data/raw/lesion_masks_mni/wsub-M2112_ses-262_lesion.nii.gz,downloaded,9703,d951dac1a9f1853049555eddc4c48518562edd5b9948c0626924ff1205211950
wsub-M2113_ses-300_lesion.nii.gz,data/raw/lesion_masks_mni/wsub-M2113_ses-300_lesion.nii.gz,downloaded,7644,63cf2e02bd73f16a7d815d912ed50bda7d5904610e5d7786ad4ca6b535145a51
wsub-M2114_ses-1811_lesion.nii.gz,data/raw/lesion_masks_mni/wsub-M2114_ses-1811_lesion.nii.gz,downloaded,14082,3597c794394ffc73b5e79942612eb7a1cd4b5acd3e9f39fe6e863d92ffed54a6
wsub-M2115_ses-166_lesion.nii.gz,data/raw/lesion_masks_mni/wsub-M2115_ses-166_lesion.nii.gz,downloaded,14811,dc19c7eb86c20ace57cc01681c2806f16a64bef2615833a3ef31544efde19ed5
wsub-M2116_ses-261_lesion.nii.gz,data/raw/lesion_masks_mni/wsub-M2116_ses-261_lesion.nii.gz,downloaded,13771,65dc1817f7b4f0f559bf0fea93d4dee3e98ac8add25220f137ea6bf8eb5b4cd1
wsub-M2117_ses-505_lesion.nii.gz,data/raw/lesion_masks_mni/wsub-M2117_ses-505_lesion.nii.gz,downloaded,10785,c49e83d3dc3aad3278b0d3f2b66a5ea41736fa5cd3c91d3c25d9173939627f88
wsub-M2118_ses-4047_lesion.nii.gz,data/raw/lesion_masks_mni/wsub-M2118_ses-4047_lesion.nii.gz,downloaded,11673,26fecf93860eb82f66989ae8df73acc094e7aa708cdddc81b86f27bbde2530cd
wsub-M2119_ses-316_lesion.nii.gz,data/raw/lesion_masks_mni/wsub-M2119_ses-316_lesion.nii.gz,downloaded,5653,600d750d24012ede0a00ada0800d857a85664ba2d7504cf3843941849bdc50a6
wsub-M2120_ses-749_lesion.nii.gz,data/raw/lesion_masks_mni/wsub-M2120_ses-749_lesion.nii.gz,downloaded,9051,662edcd63661ea05a6b154cbe2c0c10eb0eb86082c9b404223ef4ba62cae9041
wsub-M2121_ses-258_lesion.nii.gz,data/raw/lesion_masks_mni/wsub-M2121_ses-258_lesion.nii.gz,downloaded,8333,f7c4e55d2398a11ab185d512e40b5b32a27582506f7b76158a08659431f08874
wsub-M2122_ses-207_lesion.nii.gz,data/raw/lesion_masks_mni/wsub-M2122_ses-207_lesion.nii.gz,downloaded,14013,fd58abf35f68fe25017f762d23469b746105d2c788dea428526e54121e62a13f
wsub-M2123_ses-650_lesion.nii.gz,data/raw/lesion_masks_mni/wsub-M2123_ses-650_lesion.nii.gz,downloaded,11422,89b5202090733af21e62e3e16a7cc9aec05428b1dbd302487dd3c888a27c409b
wsub-M2124_ses-595_lesion.nii.gz,data/raw/lesion_masks_mni/wsub-M2124_ses-595_lesion.nii.gz,downloaded,10716,fc9d36fd1bb99b58aa145eb1d6ff67f84cf84c85dc79b91315f022e13ff4e5b2
wsub-M2125_ses-332_lesion.nii.gz,data/raw/lesion_masks_mni/wsub-M2125_ses-332_lesion.nii.gz,downloaded,5642,0066771878e2bccfeccf04719fa183499fa9b9cf102426d746e2aac6286dc7f4
wsub-M2126_ses-270_lesion.nii.gz,data/raw/lesion_masks_mni/wsub-M2126_ses-270_lesion.nii.gz,downloaded,8078,26c32ac86d4bde5c2ac99a299d0929cb7882efe369c293b2eb63887e846f3d2a
wsub-M2127_ses-243_lesion.nii.gz,data/raw/lesion_masks_mni/wsub-M2127_ses-243_lesion.nii.gz,downloaded,15048,77390a46317fdbb9ee2d8376e4dcbfd4328b59d7cbca9509ab3fc95a02a1a5a7
wsub-M2129_ses-5624_lesion.nii.gz,data/raw/lesion_masks_mni/wsub-M2129_ses-5624_lesion.nii.gz,downloaded,16302,395dad2c96b151ea8b7b24800eae51d1a16679814ab32678a99e003ff691f4e8
wsub-M2131_ses-472_lesion.nii.gz,data/raw/lesion_masks_mni/wsub-M2131_ses-472_lesion.nii.gz,downloaded,19217,941fded51346ae076c837ed781b47e6e45d77563490111d19acf4fbd4b6aef20
wsub-M2134_ses-1026_lesion.nii.gz,data/raw/lesion_masks_mni/wsub-M2134_ses-1026_lesion.nii.gz,downloaded,9196,31ff819849feae027f3fac6b34ebb1f100fa12401b4d70e59677784e5227cf96
wsub-M2135_ses-1651_lesion.nii.gz,data/raw/lesion_masks_mni/wsub-M2135_ses-1651_lesion.nii.gz,downloaded,15632,3eccd2142bffc9a513c40fb28114ee96f793538fe2f42c3bf9c0744465561d11
wsub-M2136_ses-865_lesion.nii.gz,data/raw/lesion_masks_mni/wsub-M2136_ses-865_lesion.nii.gz,downloaded,11829,3c32f13c637b792aff9355ab93deda7cb97062a4dacd4d44eee0f1f2663002c2
wsub-M2137_ses-453_lesion.nii.gz,data/raw/lesion_masks_mni/wsub-M2137_ses-453_lesion.nii.gz,downloaded,15535,818277a71a2e4b1520394c119ae1204e5c0156f479db11c24d721e996b1395fa
wsub-M2138_ses-5979_lesion.nii.gz,data/raw/lesion_masks_mni/wsub-M2138_ses-5979_lesion.nii.gz,downloaded,12449,c0914c1444a821959929ac0db15a7b63379b8a32c32c772f31d88c8cc9781bb4
wsub-M2139_ses-193_lesion.nii.gz,data/raw/lesion_masks_mni/wsub-M2139_ses-193_lesion.nii.gz,downloaded,8330,d137dded0e1571d55cb2a8849c5b5ac9c26864fb6f0acb943518a18584cef409
wsub-M2140_ses-631_lesion.nii.gz,data/raw/lesion_masks_mni/wsub-M2140_ses-631_lesion.nii.gz,downloaded,13743,554e50b68f48c53ae0254a56f12eaf0c75761fdc7532d00c13c266c6dc9ace42
wsub-M2141_ses-2539_lesion.nii.gz,data/raw/lesion_masks_mni/wsub-M2141_ses-2539_lesion.nii.gz,downloaded,5248,b83cae4891979b30b6c4a6af13861e5efec78b497ca35539ccab862559678750
wsub-M2142_ses-1295_lesion.nii.gz,data/raw/lesion_masks_mni/wsub-M2142_ses-1295_lesion.nii.gz,downloaded,6405,494b1b510cf58ce07574a2b9ffc6c376e62d6b341c058b37fe4ddac0cf55f56b
wsub-M2143_ses-2871_lesion.nii.gz,data/raw/lesion_masks_mni/wsub-M2143_ses-2871_lesion.nii.gz,downloaded,5834,bc9c6ac7c901f3e7e8dd037b0e843c057d7976b4db286a4b9741b547c96ac5eb
wsub-M2144_ses-855_lesion.nii.gz,data/raw/lesion_masks_mni/wsub-M2144_ses-855_lesion.nii.gz,downloaded,5687,b88f4303cf40d4a985bf718204bdc2d9cdb3909ead93a6aaa27ac8344442e3f7
wsub-M2145_ses-1616_lesion.nii.gz,data/raw/lesion_masks_mni/wsub-M2145_ses-1616_lesion.nii.gz,downloaded,5339,c4b8a189fbc5f1930b75cf6d913a1ae3b766fef48dce350b7fa68e15c5c55830
wsub-M2146_ses-2612_lesion.nii.gz,data/raw/lesion_masks_mni/wsub-M2146_ses-2612_lesion.nii.gz,downloaded,11289,e6fe26b3aa40d746386c5e0ba361f187d436cd9efef34a4aa5a7666bba7f0fc2
wsub-M2147_ses-2667_lesion.nii.gz,data/raw/lesion_masks_mni/wsub-M2147_ses-2667_lesion.nii.gz,downloaded,6056,75b6b630cf9dc103c6a9911687e2d46c400029ee0bc91336b733f0cff097f749
wsub-M2149_ses-677_lesion.nii.gz,data/raw/lesion_masks_mni/wsub-M2149_ses-677_lesion.nii.gz,downloaded,5286,294e0e319f5ecc30fc4c136fc2b4759cde92b11c81f648f94f5aa6871a16798b
wsub-M2150_ses-2081_lesion.nii.gz,data/raw/lesion_masks_mni/wsub-M2150_ses-2081_lesion.nii.gz,downloaded,5374,889a45ed6f9f55a9143ac90c9c1e12c16fdb7f52aea98d73b28de062e7e14f95
wsub-M2151_ses-2092_lesion.nii.gz,data/raw/lesion_masks_mni/wsub-M2151_ses-2092_lesion.nii.gz,downloaded,12231,038d40c5e5d958c3b80c87126fc74180baad86bce516d3a934bab8f9fe58c864
wsub-M2152_ses-733_lesion.nii.gz,data/raw/lesion_masks_mni/wsub-M2152_ses-733_lesion.nii.gz,downloaded,5973,a576cb1d25a57aca5cfc475ca6fa149c8600baef9effe08dac059fd53db33abc
wsub-M2153_ses-1566_lesion.nii.gz,data/raw/lesion_masks_mni/wsub-M2153_ses-1566_lesion.nii.gz,downloaded,9881,418500fa84b63c843ce3f182605cf6328291620170dc5d88631fa3c611af6c8c
wsub-M2155_ses-814_lesion.nii.gz,data/raw/lesion_masks_mni/wsub-M2155_ses-814_lesion.nii.gz,downloaded,5510,7fed38dc355dd82ef60b0e0a5f47fbe15dfb2aa14812ebf7802d50e98ae7207e
wsub-M2156_ses-2653_lesion.nii.gz,data/raw/lesion_masks_mni/wsub-M2156_ses-2653_lesion.nii.gz,downloaded,9220,fdd7594cbf42f686d86c6b75cb46cdcfa8b73acb7c197e47294b0308ab069fa7
wsub-M2158_ses-404_lesion.nii.gz,data/raw/lesion_masks_mni/wsub-M2158_ses-404_lesion.nii.gz,downloaded,5450,574c7d6294c57c11deebc40d148f284c6fb56a7a0e6622b6c5beb66d65a8b03b
wsub-M2159_ses-380_lesion.nii.gz,data/raw/lesion_masks_mni/wsub-M2159_ses-380_lesion.nii.gz,downloaded,8012,f81b38ee51e280981cf683b6eae71305dbd6734090b5ce508cdbb91d14ee7668
wsub-M2160_ses-3078_lesion.nii.gz,data/raw/lesion_masks_mni/wsub-M2160_ses-3078_lesion.nii.gz,downloaded,10986,168b28b6f19aa5834b4d1db444dcd119436e3827a061fb9978bcea569b64b897
wsub-M2162_ses-240_lesion.nii.gz,data/raw/lesion_masks_mni/wsub-M2162_ses-240_lesion.nii.gz,downloaded,5616,be7a89f2480370d16e7b6e3f8332436bdecd7018c4cb0e0d2d0e8283caef8b97
wsub-M2164_ses-622_lesion.nii.gz,data/raw/lesion_masks_mni/wsub-M2164_ses-622_lesion.nii.gz,downloaded,6012,13c5600d7124e379c81d242111dd68348c1a4536d7f274a963e77e3df0ea6827
wsub-M2165_ses-687_lesion.nii.gz,data/raw/lesion_masks_mni/wsub-M2165_ses-687_lesion.nii.gz,downloaded,18589,94ea182bf24ea9439daa255898f6da54b0d0a6f590d56823f207681dcc7841d0
wsub-M2168_ses-458_lesion.nii.gz,data/raw/lesion_masks_mni/wsub-M2168_ses-458_lesion.nii.gz,downloaded,11473,24a3ff137145e8da506d04c1d1355ad9f52f7846415c131c48aed054eff9cf83
wsub-M2169_ses-370_lesion.nii.gz,data/raw/lesion_masks_mni/wsub-M2169_ses-370_lesion.nii.gz,downloaded,13228,4877b83d4f44659f23ca2009464a7f8510152bdbb216647a46eeeaa931f4f2b6
wsub-M2170_ses-660_lesion.nii.gz,data/raw/lesion_masks_mni/wsub-M2170_ses-660_lesion.nii.gz,downloaded,6930,87b595cb93ae36028624e29e6604d83138c991f5252453d64f4173c37f9a2625
wsub-M2172_ses-205_lesion.nii.gz,data/raw/lesion_masks_mni/wsub-M2172_ses-205_lesion.nii.gz,downloaded,9139,3a8645f1d715b2af3b86047245f431308179e74e6c1743bd982b87b560b1b801
wsub-M2173_ses-590_lesion.nii.gz,data/raw/lesion_masks_mni/wsub-M2173_ses-590_lesion.nii.gz,downloaded,10352,b123f3acd598c7ea96d43883bd24cabe83b12503818399721cbd32d3a57f7717
wsub-M2175_ses-703_lesion.nii.gz,data/raw/lesion_masks_mni/wsub-M2175_ses-703_lesion.nii.gz,downloaded,9038,e6eb4b58e824c3feed3f64a69fef3a4e1ec2282787459886aea574344990f2d4
wsub-M2176_ses-664_lesion.nii.gz,data/raw/lesion_masks_mni/wsub-M2176_ses-664_lesion.nii.gz,downloaded,11625,c0b82befe7d86bfa55965987f5488ce44d4e1af8ab1152b3d7ce7865c10dbd15
wsub-M2177_ses-202_lesion.nii.gz,data/raw/lesion_masks_mni/wsub-M2177_ses-202_lesion.nii.gz,downloaded,6467,aa885f25c7902d2f5e98c224a29eb83656dc6283f04ec7a3836884f3a5dd94ad
wsub-M2178_ses-337_lesion.nii.gz,data/raw/lesion_masks_mni/wsub-M2178_ses-337_lesion.nii.gz,downloaded,10440,a49dd7f82476b5c8227751a511b1d09662011271dd8cc020d8eababe6230ea76
wsub-M2179_ses-2515_lesion.nii.gz,data/raw/lesion_masks_mni/wsub-M2179_ses-2515_lesion.nii.gz,downloaded,14105,8a3521dbd4b803eb49c3823e01a51f925f35f35f5805aca8902ac96389cd596f
wsub-M2181_ses-370_lesion.nii.gz,data/raw/lesion_masks_mni/wsub-M2181_ses-370_lesion.nii.gz,downloaded,8619,8a3ad6a23e6b2428167deaeb4cda472b5ea79c5cc01e5f0747938ffc11e2433f
wsub-M2182_ses-802_lesion.nii.gz,data/raw/lesion_masks_mni/wsub-M2182_ses-802_lesion.nii.gz,downloaded,15671,6c6cc620238a76ac71be9765eed38bdf997347822a36a58f59c4d8dba45faff6
wsub-M2183_ses-367_lesion.nii.gz,data/raw/lesion_masks_mni/wsub-M2183_ses-367_lesion.nii.gz,downloaded,8783,97559ffc32142f5a78381708cbb94a68c149383f554c88d53672ac230c32264b
wsub-M2184_ses-358_lesion.nii.gz,data/raw/lesion_masks_mni/wsub-M2184_ses-358_lesion.nii.gz,downloaded,12906,3691651dc5f662a1b73cd80f5335b9388db378da43ea4c8f8d2299b1603a01d0
wsub-M2185_ses-388_lesion.nii.gz,data/raw/lesion_masks_mni/wsub-M2185_ses-388_lesion.nii.gz,downloaded,14899,22a3afbfed77dd17ba47114e66f5e896381825c8d820608b3b47af2be5184927
wsub-M2186_ses-378_lesion.nii.gz,data/raw/lesion_masks_mni/wsub-M2186_ses-378_lesion.nii.gz,downloaded,13831,c7050f8fc772df7fdde35fd028c0b02b934fef33170acd318e77f340b8ab6140
wsub-M2191_ses-681_lesion.nii.gz,data/raw/lesion_masks_mni/wsub-M2191_ses-681_lesion.nii.gz,downloaded,13256,fc8a63a8924f8424a63d1a7ee40a50870d9ae8ae14c2cbeb28be2db5e2cb1d1b
wsub-M2192_ses-536_lesion.nii.gz,data/raw/lesion_masks_mni/wsub-M2192_ses-536_lesion.nii.gz,downloaded,15544,7fec34b27d13cd8a7c4c2104dd1e9460e4d9eb6550d8a5c2aa62d4f89e0d661a
wsub-M2195_ses-601_lesion.nii.gz,data/raw/lesion_masks_mni/wsub-M2195_ses-601_lesion.nii.gz,downloaded,8691,587615f6e132c6aa8919cec48bc9867c0deefb704881392568878a8dfa416d6f
wsub-M2196_ses-386_lesion.nii.gz,data/raw/lesion_masks_mni/wsub-M2196_ses-386_lesion.nii.gz,downloaded,10328,27b214d581fed051d51aa790fb25e2245912633cc639867378baca8ecae5b110
wsub-M2197_ses-1165_lesion.nii.gz,data/raw/lesion_masks_mni/wsub-M2197_ses-1165_lesion.nii.gz,downloaded,14704,33c549de7da940bf7c51198d08878e2d9e66f7e3c5e53d31b3c2986d1ad6a5b9
wsub-M2198_ses-1073_lesion.nii.gz,data/raw/lesion_masks_mni/wsub-M2198_ses-1073_lesion.nii.gz,downloaded,19303,91adb9ef8d9cac0430e99427936f736b7c605aa1673869a10c2ed8dc0553b0a7
wsub-M2199_ses-671_lesion.nii.gz,data/raw/lesion_masks_mni/wsub-M2199_ses-671_lesion.nii.gz,downloaded,14609,12b8e2c466f7afcb46e98542938c2376a34b5b61617af7455f4fe8eba225b29f
wsub-M2200_ses-783_lesion.nii.gz,data/raw/lesion_masks_mni/wsub-M2200_ses-783_lesion.nii.gz,downloaded,11444,39b898e72c3c7b5cd57ff470538997a214a82bffedbc7dbecee930b0fe78b466
wsub-M2201_ses-294_lesion.nii.gz,data/raw/lesion_masks_mni/wsub-M2201_ses-294_lesion.nii.gz,downloaded,5349,a700c8c6ca23508e009eda6654891a80b111f05da157c3be3d592359c1893673
wsub-M2202_ses-423_lesion.nii.gz,data/raw/lesion_masks_mni/wsub-M2202_ses-423_lesion.nii.gz,downloaded,14888,583f09cd24c043e42c1bd1f0cde3f536aa2ff0db1771f4e909aee564070366f8
wsub-M2204_ses-577_lesion.nii.gz,data/raw/lesion_masks_mni/wsub-M2204_ses-577_lesion.nii.gz,downloaded,15008,ce066cab401ecd4a8c0b10aac30064373c45dee2d0e7cdd79e5debabce4a51cc
wsub-M2205_ses-429_lesion.nii.gz,data/raw/lesion_masks_mni/wsub-M2205_ses-429_lesion.nii.gz,downloaded,7224,1bfc2a7477ee60832ed229108ae9ab26c899044a06acf63f2901117298f77272
wsub-M2207_ses-3014_lesion.nii.gz,data/raw/lesion_masks_mni/wsub-M2207_ses-3014_lesion.nii.gz,downloaded,8493,9ca13d4b7ca301c336d0097b915b3dafbdf19acecf5fb8d6b5c98e08880c26c3
wsub-M2208_ses-446_lesion.nii.gz,data/raw/lesion_masks_mni/wsub-M2208_ses-446_lesion.nii.gz,downloaded,6712,a837c2e4d64350e0233e902807614f311ca4578bc9ee483b6c20b134d6351997
wsub-M2209_ses-515_lesion.nii.gz,data/raw/lesion_masks_mni/wsub-M2209_ses-515_lesion.nii.gz,downloaded,10175,81b681189daa1d84a581870bced2e69114964a193307ea49efcf4417210040f6
wsub-M2210_ses-4388_lesion.nii.gz,data/raw/lesion_masks_mni/wsub-M2210_ses-4388_lesion.nii.gz,downloaded,6696,3a0c191ef69713c11db827751aa8dbc5bb8b9ed27145ba6e0e5501767e67e727
wsub-M2211_ses-453_lesion.nii.gz,data/raw/lesion_masks_mni/wsub-M2211_ses-453_lesion.nii.gz,downloaded,15448,4cbeb59939ab3e5e0a0e599e60f4c11d7f6f04a9b71940a3888c10ae0bc1841a
wsub-M2212_ses-6327_lesion.nii.gz,data/raw/lesion_masks_mni/wsub-M2212_ses-6327_lesion.nii.gz,downloaded,12829,92b3ad94dba9ce260340669a80e7e2545902615d3a015eadfebbfa6258618855
wsub-M2213_ses-1743_lesion.nii.gz,data/raw/lesion_masks_mni/wsub-M2213_ses-1743_lesion.nii.gz,downloaded,17960,7ead22724cca5a321d64c246a70a090dfb170d179343b46ed9c67ad786bfdc22
wsub-M2214_ses-362_lesion.nii.gz,data/raw/lesion_masks_mni/wsub-M2214_ses-362_lesion.nii.gz,downloaded,9955,71fb522c21c4d208ea10d8ecc2fb1ce27e3c8f3b9406b408f4888024f409baed
wsub-M2215_ses-1354_lesion.nii.gz,data/raw/lesion_masks_mni/wsub-M2215_ses-1354_lesion.nii.gz,downloaded,14357,7ee256cbeb6f38a6e05a41b92e09b76719aeed72935cafd58877120b82a3f523
wsub-M2216_ses-2015_lesion.nii.gz,data/raw/lesion_masks_mni/wsub-M2216_ses-2015_lesion.nii.gz,downloaded,13636,cc13ed228346ea6ca72076970f0d653451b2743f57a778e75c2488c1dbf86eba
wsub-M2220_ses-359_lesion.nii.gz,data/raw/lesion_masks_mni/wsub-M2220_ses-359_lesion.nii.gz,downloaded,11306,a715f246629823be98d3063f43ca140b49035a7cef60546f8eee9b5b74f78596
wsub-M2221_ses-2045_lesion.nii.gz,data/raw/lesion_masks_mni/wsub-M2221_ses-2045_lesion.nii.gz,downloaded,11929,e036d679868a66e7d6f1871b797920c00486be8270a9aba1f4a14cf947d279e7
wsub-M2222_ses-759_lesion.nii.gz,data/raw/lesion_masks_mni/wsub-M2222_ses-759_lesion.nii.gz,downloaded,11158,36ce80b91fc9abf3f014eeda1652ee337b0e3838b2b68a1c06e9bbf0bc40f56a
wsub-M2223_ses-644_lesion.nii.gz,data/raw/lesion_masks_mni/wsub-M2223_ses-644_lesion.nii.gz,downloaded,14086,124694794fe7dcd3a9e8f5b8ff9922c40bebb175ee82f421f37b2982ac081f4d
wsub-M2226_ses-311_lesion.nii.gz,data/raw/lesion_masks_mni/wsub-M2226_ses-311_lesion.nii.gz,downloaded,13381,fa1209a9c78a44d801a6cac705c2bbd51a7427bb559be357aa4bbd5d100aedf7
wsub-M2227_ses-424_lesion.nii.gz,data/raw/lesion_masks_mni/wsub-M2227_ses-424_lesion.nii.gz,downloaded,8222,e2843bbb65e4110d1f6475ccfd0c119f6097e68094544f51c1ae6b3d41f78bae
wsub-M2228_ses-456_lesion.nii.gz,data/raw/lesion_masks_mni/wsub-M2228_ses-456_lesion.nii.gz,downloaded,19182,b1137c6db6686962f72076def957fbafa2c064e05487e888692913c383e4b919
wsub-M2230_ses-238_lesion.nii.gz,data/raw/lesion_masks_mni/wsub-M2230_ses-238_lesion.nii.gz,downloaded,8189,d72bfcc1d28eeec8406bd5ee06b1af36c5596e4aa175074839dd039dba702ec8
wsub-M2232_ses-492_lesion.nii.gz,data/raw/lesion_masks_mni/wsub-M2232_ses-492_lesion.nii.gz,downloaded,9406,01be102f41fdb2f0c1eb549147f6144f87a5ae9f9360139e59f37a74b1ab43f8
wsub-M2234_ses-715_lesion.nii.gz,data/raw/lesion_masks_mni/wsub-M2234_ses-715_lesion.nii.gz,downloaded,13742,25f2d7eafe80b8478933e1191b1cd22606bbed41386e682b71c6214a64bc4117
wsub-M2235_ses-398_lesion.nii.gz,data/raw/lesion_masks_mni/wsub-M2235_ses-398_lesion.nii.gz,downloaded,12406,a7b3757b8245ffc9ab3e55f20a9ccde8431d214c62fa4291242534579a2f7387
wsub-M2236_ses-1937_lesion.nii.gz,data/raw/lesion_masks_mni/wsub-M2236_ses-1937_lesion.nii.gz,downloaded,7027,7a5ca77ce2b98708fbcbdd8857ed011e982601fab8de8ffda14d19c89bb8c577
wsub-M2237_ses-397_lesion.nii.gz,data/raw/lesion_masks_mni/wsub-M2237_ses-397_lesion.nii.gz,downloaded,9730,96aa7ebbf87e2fd50b4091dd32b230d2bc7387412c409fa334d7d17df7ae92d2
wsub-M2238_ses-1374_lesion.nii.gz,data/raw/lesion_masks_mni/wsub-M2238_ses-1374_lesion.nii.gz,downloaded,10011,204285d73ec4121cd290eb69d202cdda454a8b0175b1dbb1acbb48c8907a1216
wsub-M2239_ses-1609_lesion.nii.gz,data/raw/lesion_masks_mni/wsub-M2239_ses-1609_lesion.nii.gz,downloaded,20298,d8069b45533833381865d724f310a522e25f9ad299f5831cdd441e69b6ebdc4e
wsub-M2240_ses-1465_lesion.nii.gz,data/raw/lesion_masks_mni/wsub-M2240_ses-1465_lesion.nii.gz,downloaded,8971,50d4f4b678a8f2a71a66b9e7af18d4e06129945ff4e166f4d682b3e1bacc4395
wsub-M2243_ses-1581_lesion.nii.gz,data/raw/lesion_masks_mni/wsub-M2243_ses-1581_lesion.nii.gz,downloaded,6844,73ebc537b458866f82c9af65d730c62079f5f839a41b07fe7f042df60e99c55f
wsub-M2245_ses-6526_lesion.nii.gz,data/raw/lesion_masks_mni/wsub-M2245_ses-6526_lesion.nii.gz,downloaded,17796,749302fe999cb4d212fc4a01838f94d20e38a462acea12cc7c93a22b0d4fcec9
wsub-M2246_ses-853_lesion.nii.gz,data/raw/lesion_masks_mni/wsub-M2246_ses-853_lesion.nii.gz,downloaded,6614,d35baadeb2efca5213675fca55d877f211414436fa8abd7fa98336ff7bb32c43
wsub-M2248_ses-2093_lesion.nii.gz,data/raw/lesion_masks_mni/wsub-M2248_ses-2093_lesion.nii.gz,downloaded,7477,59f3d3ca354d67eea0e7f30a0616b2c1d54328d3ee019196b0dd6a035cd33a1a
wsub-M2252_ses-738_lesion.nii.gz,data/raw/lesion_masks_mni/wsub-M2252_ses-738_lesion.nii.gz,downloaded,10326,249a7c9a9a1dc4c134a27360c63b51d6c3d08166c8df0960acef969ea6198fcb
wsub-M2254_ses-814_lesion.nii.gz,data/raw/lesion_masks_mni/wsub-M2254_ses-814_lesion.nii.gz,downloaded,19703,04a857a296db5bc1f3785ee42b44fb5217c74506bc66f3eb619f99ff9e4087c7
wsub-M2259_ses-1050_lesion.nii.gz,data/raw/lesion_masks_mni/wsub-M2259_ses-1050_lesion.nii.gz,downloaded,9999,e441f073e1401bb75cb6f76e80acf3f025f3b2415c2c56ca98cc0f9100af2a83
wsub-M2260_ses-780_lesion.nii.gz,data/raw/lesion_masks_mni/wsub-M2260_ses-780_lesion.nii.gz,downloaded,21398,06f1daa4c137d54ed6521d530ea3a689f05c6995fa84f06b0307c8a5028b83bf
wsub-M2262_ses-400_lesion.nii.gz,data/raw/lesion_masks_mni/wsub-M2262_ses-400_lesion.nii.gz,downloaded,7796,39e835d72230f0a6bf6eb957979b4dc2c75ce807565bfdeea6ec3a47c06ffdce
wsub-M2265_ses-849_lesion.nii.gz,data/raw/lesion_masks_mni/wsub-M2265_ses-849_lesion.nii.gz,downloaded,11515,7755fc8fd51a9ef1a9887049bce046c4a825a8dd60b05714d12b973fd5be6f8c
wsub-M2266_ses-1380_lesion.nii.gz,data/raw/lesion_masks_mni/wsub-M2266_ses-1380_lesion.nii.gz,downloaded,11737,7f58f0b193fc4dfb6715e0a5c2634c73372d7d9499dca1b43d2f9e70e901658c
wsub-M2268_ses-344_lesion.nii.gz,data/raw/lesion_masks_mni/wsub-M2268_ses-344_lesion.nii.gz,downloaded,18882,9c4c9b2f207640f08a48ba2897022d6d7a79effa05c6afb2e7a56718654983cc
wsub-M2269_ses-767_lesion.nii.gz,data/raw/lesion_masks_mni/wsub-M2269_ses-767_lesion.nii.gz,downloaded,17618,a0c385a2ba00c0bff13bf45f923751fa3320ed7c243aca3e99f698a7eb1215d1
wsub-M2270_ses-1947_lesion.nii.gz,data/raw/lesion_masks_mni/wsub-M2270_ses-1947_lesion.nii.gz,downloaded,7948,47f07cbf9f1dc1f00ce5ae5bfaee82644bcd4e0497984f8e025c5c1683490fec
wsub-M2271_ses-207_lesion.nii.gz,data/raw/lesion_masks_mni/wsub-M2271_ses-207_lesion.nii.gz,downloaded,13949,7650b7df6b2ef23537c505dcc691a3b1ced3a3725a72181aa9ef1174ce68b136
wsub-M2272_ses-2189_lesion.nii.gz,data/raw/lesion_masks_mni/wsub-M2272_ses-2189_lesion.nii.gz,downloaded,11472,f57fc363014a3bde52f2e2a895a6aa7a496114843e69cfa684c850a9510266b2
wsub-M2275_ses-871_lesion.nii.gz,data/raw/lesion_masks_mni/wsub-M2275_ses-871_lesion.nii.gz,downloaded,16478,a7e12d044ae90a70f7f8955352e02fa4638f6fac0f0b9106086c242e0456a9c5
wsub-M2276_ses-1364_lesion.nii.gz,data/raw/lesion_masks_mni/wsub-M2276_ses-1364_lesion.nii.gz,downloaded,15063,5a4f39679358f2ba3d8ffb56e395fabee81ad8cc4531f04c966411dd8ca85cbe
wsub-M2277_ses-596_lesion.nii.gz,data/raw/lesion_masks_mni/wsub-M2277_ses-596_lesion.nii.gz,downloaded,6498,698e0860afa1541275c42b123f2562f1b4598fcf0520d13e30b71dcc30b92af6
wsub-M2278_ses-388_lesion.nii.gz,data/raw/lesion_masks_mni/wsub-M2278_ses-388_lesion.nii.gz,downloaded,12565,2c02a830d08a1526763a6030d5fcff9fdebee5c27e21914bacba4d13af294f3d
wsub-M2279_ses-272_lesion.nii.gz,data/raw/lesion_masks_mni/wsub-M2279_ses-272_lesion.nii.gz,downloaded,9252,62431cf0783df4bdf61192f44d3d765697454d92964fde78a946bc3dc3b5d636
wsub-M2281_ses-500_lesion.nii.gz,data/raw/lesion_masks_mni/wsub-M2281_ses-500_lesion.nii.gz,downloaded,9439,bd2525a7818d2ab2e4cfac6d19371d512bdc6e63804d24352fe481f51403640c
wsub-M2282_ses-446_lesion.nii.gz,data/raw/lesion_masks_mni/wsub-M2282_ses-446_lesion.nii.gz,downloaded,8918,1a6d34da7a120e954ce7cc9a8b3f2b0300067959b2f6eca26d14a1da05318873
wsub-M2283_ses-246_lesion.nii.gz,data/raw/lesion_masks_mni/wsub-M2283_ses-246_lesion.nii.gz,downloaded,9322,e29763843b4e1d318bdc9f28fd709044f93ddd7c7e9954faf03d3d11fff27ceb
wsub-M2285_ses-344_lesion.nii.gz,data/raw/lesion_masks_mni/wsub-M2285_ses-344_lesion.nii.gz,downloaded,8331,7599eb64736b2eb5cadcd9080c34d1b72abb6fe04243fd45a637c8b0c8531dda
wsub-M2287_ses-397_lesion.nii.gz,data/raw/lesion_masks_mni/wsub-M2287_ses-397_lesion.nii.gz,downloaded,14072,b2382cc7d5579ef5ed0c499f246d7505657d8f141d3112bcacbc09ad3c31ebfd
wsub-M2290_ses-320_lesion.nii.gz,data/raw/lesion_masks_mni/wsub-M2290_ses-320_lesion.nii.gz,downloaded,12523,0182473883b1fe0f4590a174f9114eda3063e3ae136a201ca00ff9f3c7175578
wsub-M2291_ses-3786_lesion.nii.gz,data/raw/lesion_masks_mni/wsub-M2291_ses-3786_lesion.nii.gz,downloaded,14226,f2331bd4d2ef6669c05a0aee9526214ce84599c171a1b7d9b02437849afa17c2
wsub-M2292_ses-1190_lesion.nii.gz,data/raw/lesion_masks_mni/wsub-M2292_ses-1190_lesion.nii.gz,downloaded,11867,0d793e37df920e27f32061465c06942f74efa4138b29301f2a6c95938c90540e
wsub-M2293_ses-209_lesion.nii.gz,data/raw/lesion_masks_mni/wsub-M2293_ses-209_lesion.nii.gz,downloaded,18783,e0ce66933b1b152c55efe5c35a6e65870cec3c2713cc12db228cc24fe86764a9
wsub-M2294_ses-56_lesion.nii.gz,data/raw/lesion_masks_mni/wsub-M2294_ses-56_lesion.nii.gz,downloaded,12505,f955183c54a11c2d2f0427989941ae84a1b7f0d6b5338cd3555c1fdd8382ab5b
wsub-M2295_ses-239_lesion.nii.gz,data/raw/lesion_masks_mni/wsub-M2295_ses-239_lesion.nii.gz,downloaded,12116,481621662630077aab415885f90b32d38f21e2d6f040218ba92a554f67bb555e
wsub-M2297_ses-6264_lesion.nii.gz,data/raw/lesion_masks_mni/wsub-M2297_ses-6264_lesion.nii.gz,downloaded,15146,336184f88cfab47177e4793a57b129492c6f60a161fbfac3e1e6e85348e1fce1
wsub-M2298_ses-382_lesion.nii.gz,data/raw/lesion_masks_mni/wsub-M2298_ses-382_lesion.nii.gz,downloaded,15705,097e70416ac195675d4e29b78ddfc94e2c2089fb774fd3164c2e501915a0f99b
wsub-M2299_ses-424_lesion.nii.gz,data/raw/lesion_masks_mni/wsub-M2299_ses-424_lesion.nii.gz,downloaded,13532,4ddcb2a901b79ff86d3c1d0ec5cf34cefa5e5865e2391ed9274c3d1f17ab20cb
wsub-M2300_ses-1457_lesion.nii.gz,data/raw/lesion_masks_mni/wsub-M2300_ses-1457_lesion.nii.gz,downloaded,12067,c77549969367a5d3bcf2f4cd43c30cd8be2589cd627ce4b5169f4dadf19b8de5
wsub-M2304_ses-262_lesion.nii.gz,data/raw/lesion_masks_mni/wsub-M2304_ses-262_lesion.nii.gz,downloaded,9562,93175d94442ffad668d34731642918b07466589b415e7e11e1d09ef0085ab49a
wsub-M2305_ses-475_lesion.nii.gz,data/raw/lesion_masks_mni/wsub-M2305_ses-475_lesion.nii.gz,downloaded,7040,b934a7c2eb2be5046ca7fd75f5e8c10d9be99de9d263dc86e6c51b1f0d130c27
wsub-M2306_ses-707_lesion.nii.gz,data/raw/lesion_masks_mni/wsub-M2306_ses-707_lesion.nii.gz,downloaded,15328,af031b99a764251014c7844fbd1c2bcd1d7e6534ab3adab060e18af30c624488
wsub-M2307_ses-371_lesion.nii.gz,data/raw/lesion_masks_mni/wsub-M2307_ses-371_lesion.nii.gz,downloaded,6530,f471fde53e28106d5a28c788a8536d60153079a6fea67f43ee15bd2b21166d26
wsub-M2308_ses-1705_lesion.nii.gz,data/raw/lesion_masks_mni/wsub-M2308_ses-1705_lesion.nii.gz,downloaded,9487,e89a2a100aef7bd311d8d163a80d40db50b7e3e4c3161c453ca4ba100b83def7
wsub-M2309_ses-960_lesion.nii.gz,data/raw/lesion_masks_mni/wsub-M2309_ses-960_lesion.nii.gz,downloaded,9382,aeb996c8503ad1407be93c671a18bbdab81692e79387b18af71b2b621c520c59
wsub-M2310_ses-540_lesion.nii.gz,data/raw/lesion_masks_mni/wsub-M2310_ses-540_lesion.nii.gz,downloaded,19149,aa333e6ce71c1758ae4789e493097b95837a222db52f54d0b6355420da04a458
jhu156.nii.gz,data/raw/atlases/jhu156.nii.gz,downloaded,121806,ebdb40ff20428003e1ab37c8a0be46861568838c5df43899f144b09a3b77cb53
jhu156.txt,data/raw/atlases/jhu156.txt,downloaded,8637,3854ae01b2c8d3d579666c044e875a0507f3fbf870bfe04c25e13e3fae881b9b
ArterialAtlas156.nii.gz,data/raw/atlases/ArterialAtlas156.nii.gz,downloaded,112937,88246c5100e48c236c66fef6b3cb60a8385ba55e5ed335a2e95047d08fca9917
ArterialAtlas156.txt,data/raw/atlases/ArterialAtlas156.txt,downloaded,1517,fbac7328a58fe87dc18a0f04b9fc15f10f472abebdffdc134dcc63ada9338545
