,has_dwi,has_rsfmri,has_taskfmri,has_flair,multimodal_complete,chronic_365,chronic_180,aq_le90,teghipco_idlist
has_dwi,1.0,0.871,0.832,0.601,0.757,0.78,0.942,0.707,0.731
has_rsfmri,0.871,1.0,0.764,0.58,0.844,0.728,0.845,0.668,0.662
has_taskfmri,0.832,0.764,1.0,0.67,0.857,0.699,0.832,0.685,0.612
has_flair,0.601,0.58,0.67,1.0,0.623,0.559,0.593,0.564,0.377
multimodal_complete,0.757,0.844,0.857,0.623,1.0,0.627,0.712,0.627,0.553
chronic_365,0.78,0.728,0.699,0.559,0.627,1.0,0.813,0.657,0.659
chronic_180,0.942,0.845,0.832,0.593,0.712,0.813,1.0,0.756,0.764
aq_le90,0.707,0.668,0.685,0.564,0.627,0.657,0.756,1.0,0.591
teghipco_idlist,0.731,0.662,0.612,0.377,0.553,0.659,0.764,0.591,1.0
